model,Layer,GDV,MeanRank
answerdotai_ModernBERT-large,0,-0.04116591457484603,23.857142857142858
answerdotai_ModernBERT-large,1,-0.05100006365126294,27.0
answerdotai_ModernBERT-large,2,-0.058482005883685316,24.428571428571427
answerdotai_ModernBERT-large,3,-0.05711954004756486,26.285714285714285
answerdotai_ModernBERT-large,4,-0.05627832644383072,26.571428571428573
answerdotai_ModernBERT-large,5,-0.06303952754218341,24.571428571428573
answerdotai_ModernBERT-large,6,-0.06240470823965622,25.0
answerdotai_ModernBERT-large,7,-0.06764554437900092,23.714285714285715
answerdotai_ModernBERT-large,8,-0.08206278387066357,21.142857142857142
answerdotai_ModernBERT-large,9,-0.09637930993579942,17.428571428571427
answerdotai_ModernBERT-large,10,-0.09575754688975599,18.428571428571427
answerdotai_ModernBERT-large,11,-0.10318283935832406,16.285714285714285
answerdotai_ModernBERT-large,12,-0.10443673715102676,15.571428571428571
answerdotai_ModernBERT-large,13,-0.10344348523532743,15.857142857142858
answerdotai_ModernBERT-large,14,-0.10583528352145989,14.714285714285714
answerdotai_ModernBERT-large,15,-0.1051075288038628,15.428571428571429
answerdotai_ModernBERT-large,16,-0.10888007393057308,11.857142857142858
answerdotai_ModernBERT-large,17,-0.10921054146424211,11.285714285714286
answerdotai_ModernBERT-large,18,-0.10835865475086007,12.285714285714286
answerdotai_ModernBERT-large,19,-0.10716967201556478,15.0
answerdotai_ModernBERT-large,20,-0.1121986239994641,11.428571428571429
answerdotai_ModernBERT-large,21,-0.12228222656353596,8.428571428571429
answerdotai_ModernBERT-large,22,-0.14233526940683924,6.0
answerdotai_ModernBERT-large,23,-0.1487574523086804,5.428571428571429
answerdotai_ModernBERT-large,24,-0.16171379397552116,2.857142857142857
answerdotai_ModernBERT-large,25,-0.1696006071551783,1.4285714285714286
answerdotai_ModernBERT-large,26,-0.16544998620009752,2.5714285714285716
answerdotai_ModernBERT-large,27,-0.15898903198560044,3.857142857142857
answerdotai_ModernBERT-large,28,-0.1399349565699862,6.285714285714286
microsoft_deberta-v3-large,0,-0.042396628940156285,23.0
microsoft_deberta-v3-large,1,-0.07430518021922279,23.285714285714285
microsoft_deberta-v3-large,2,-0.10858071982378824,19.285714285714285
microsoft_deberta-v3-large,3,-0.13518132625466073,16.571428571428573
microsoft_deberta-v3-large,4,-0.15694984044776908,13.714285714285714
microsoft_deberta-v3-large,5,-0.17037806858097573,12.0
microsoft_deberta-v3-large,6,-0.1841739033985362,9.857142857142858
microsoft_deberta-v3-large,7,-0.20085999098789178,7.285714285714286
microsoft_deberta-v3-large,8,-0.21645543187794689,5.571428571428571
microsoft_deberta-v3-large,9,-0.23365966635375632,3.0
microsoft_deberta-v3-large,10,-0.237176671363809,2.4285714285714284
microsoft_deberta-v3-large,11,-0.2317005611476844,3.4285714285714284
microsoft_deberta-v3-large,12,-0.22464957391142293,4.0
microsoft_deberta-v3-large,13,-0.2118262239795702,6.428571428571429
microsoft_deberta-v3-large,14,-0.20437210822844457,7.571428571428571
microsoft_deberta-v3-large,15,-0.1905127782283032,9.285714285714286
microsoft_deberta-v3-large,16,-0.17259497434074808,11.428571428571429
microsoft_deberta-v3-large,17,-0.14883018958550392,13.285714285714286
microsoft_deberta-v3-large,18,-0.12970863615654196,15.142857142857142
microsoft_deberta-v3-large,19,-0.11508618667945945,17.285714285714285
microsoft_deberta-v3-large,20,-0.1050301748051267,18.428571428571427
microsoft_deberta-v3-large,21,-0.10386283049958997,18.571428571428573
microsoft_deberta-v3-large,22,-0.09775937680414859,19.285714285714285
microsoft_deberta-v3-large,23,-0.08670427242600794,21.571428571428573
microsoft_deberta-v3-large,24,-0.07355952374782126,23.285714285714285
FacebookAI_roberta-large,0,-0.03833095608209834,23.857142857142858
FacebookAI_roberta-large,1,-0.057176138607658626,23.571428571428573
FacebookAI_roberta-large,2,-0.06553715512179774,23.571428571428573
FacebookAI_roberta-large,3,-0.07738233096996751,22.571428571428573
FacebookAI_roberta-large,4,-0.08564828638564692,21.285714285714285
FacebookAI_roberta-large,5,-0.10505052801953359,20.142857142857142
FacebookAI_roberta-large,6,-0.1284466802357042,19.0
FacebookAI_roberta-large,7,-0.14861038159315945,18.0
FacebookAI_roberta-large,8,-0.16355308390872111,16.142857142857142
FacebookAI_roberta-large,9,-0.17142671037882723,15.0
FacebookAI_roberta-large,10,-0.175069071381072,12.428571428571429
FacebookAI_roberta-large,11,-0.17828483381512886,11.857142857142858
FacebookAI_roberta-large,12,-0.17308336481738298,15.0
FacebookAI_roberta-large,13,-0.18342694417301106,12.285714285714286
FacebookAI_roberta-large,14,-0.19557316951818374,9.714285714285714
FacebookAI_roberta-large,15,-0.19904402267373175,8.142857142857142
FacebookAI_roberta-large,16,-0.20328399428859895,7.857142857142857
FacebookAI_roberta-large,17,-0.20555670732892883,6.571428571428571
FacebookAI_roberta-large,18,-0.20791539836899023,6.428571428571429
FacebookAI_roberta-large,19,-0.21985272341994946,2.4285714285714284
FacebookAI_roberta-large,20,-0.21453704280578437,4.571428571428571
FacebookAI_roberta-large,21,-0.21523681333656297,4.0
FacebookAI_roberta-large,22,-0.21696487815258733,3.857142857142857
FacebookAI_roberta-large,23,-0.21401882256922858,4.857142857142857
FacebookAI_roberta-large,24,-0.19209388222897525,11.857142857142858
FacebookAI_xlm-roberta-large,0,-0.042041819698741545,20.0
FacebookAI_xlm-roberta-large,1,-0.036663372050257444,23.285714285714285
FacebookAI_xlm-roberta-large,2,-0.05067878682706341,22.0
FacebookAI_xlm-roberta-large,3,-0.05648055535555425,21.142857142857142
FacebookAI_xlm-roberta-large,4,-0.06658951953364768,21.428571428571427
FacebookAI_xlm-roberta-large,5,-0.0747893898945287,20.428571428571427
FacebookAI_xlm-roberta-large,6,-0.0778921772981405,19.0
FacebookAI_xlm-roberta-large,7,-0.08054002696715853,18.285714285714285
FacebookAI_xlm-roberta-large,8,-0.08419415379416799,18.428571428571427
FacebookAI_xlm-roberta-large,9,-0.08968303005885399,17.142857142857142
FacebookAI_xlm-roberta-large,10,-0.09649432039830809,15.142857142857142
FacebookAI_xlm-roberta-large,11,-0.11320681573651108,11.142857142857142
FacebookAI_xlm-roberta-large,12,-0.11553769753676198,11.142857142857142
FacebookAI_xlm-roberta-large,13,-0.1187697126496609,9.857142857142858
FacebookAI_xlm-roberta-large,14,-0.12775553320103158,7.428571428571429
FacebookAI_xlm-roberta-large,15,-0.1272500818185019,8.0
FacebookAI_xlm-roberta-large,16,-0.1189842146657091,10.428571428571429
FacebookAI_xlm-roberta-large,17,-0.11292262572403919,12.142857142857142
FacebookAI_xlm-roberta-large,18,-0.11521374775111477,11.714285714285714
FacebookAI_xlm-roberta-large,19,-0.12300364337040093,9.0
FacebookAI_xlm-roberta-large,20,-0.13698561472495038,5.857142857142857
FacebookAI_xlm-roberta-large,21,-0.1620889619561601,3.2857142857142856
FacebookAI_xlm-roberta-large,22,-0.16965291910250432,2.142857142857143
FacebookAI_xlm-roberta-large,23,-0.17280747312935216,1.8571428571428572
FacebookAI_xlm-roberta-large,24,-0.15298295707726786,4.714285714285714
Qwen_Qwen2.5-3B,0,-0.04292356467307258,27.714285714285715
Qwen_Qwen2.5-3B,1,-0.05386605741864893,27.714285714285715
Qwen_Qwen2.5-3B,2,-0.05590593164425003,28.285714285714285
Qwen_Qwen2.5-3B,3,-0.05815081153116861,27.714285714285715
Qwen_Qwen2.5-3B,4,-0.06019328435195666,26.428571428571427
Qwen_Qwen2.5-3B,5,-0.06278022987877209,26.285714285714285
Qwen_Qwen2.5-3B,6,-0.06653994698478065,24.428571428571427
Qwen_Qwen2.5-3B,7,-0.07352397831610477,23.0
Qwen_Qwen2.5-3B,8,-0.07589178951890181,20.142857142857142
Qwen_Qwen2.5-3B,9,-0.07542185467279747,20.571428571428573
Qwen_Qwen2.5-3B,10,-0.08246045501175744,15.571428571428571
Qwen_Qwen2.5-3B,11,-0.10026179334209388,7.714285714285714
Qwen_Qwen2.5-3B,12,-0.11036115637377386,4.285714285714286
Qwen_Qwen2.5-3B,13,-0.11025868954209157,3.857142857142857
Qwen_Qwen2.5-3B,14,-0.11283135613824581,4.142857142857143
Qwen_Qwen2.5-3B,15,-0.10564546616932269,6.428571428571429
Qwen_Qwen2.5-3B,16,-0.10003143519553474,7.714285714285714
Qwen_Qwen2.5-3B,17,-0.0866857952665399,11.714285714285714
Qwen_Qwen2.5-3B,18,-0.08320854138062227,13.285714285714286
Qwen_Qwen2.5-3B,19,-0.0764527079582334,16.142857142857142
Qwen_Qwen2.5-3B,20,-0.0729899827365941,19.571428571428573
Qwen_Qwen2.5-3B,21,-0.07514529172521037,17.0
Qwen_Qwen2.5-3B,22,-0.07403324851611236,18.0
Qwen_Qwen2.5-3B,23,-0.07089276313635372,21.857142857142858
Qwen_Qwen2.5-3B,24,-0.06888927994066059,23.571428571428573
Qwen_Qwen2.5-3B,25,-0.06591107883515517,28.0
Qwen_Qwen2.5-3B,26,-0.06858383544529552,23.714285714285715
Qwen_Qwen2.5-3B,27,-0.07032278459369916,21.428571428571427
Qwen_Qwen2.5-3B,28,-0.07118827621927509,19.285714285714285
Qwen_Qwen2.5-3B,29,-0.07127010407746687,19.571428571428573
Qwen_Qwen2.5-3B,30,-0.0669737075887346,25.428571428571427
Qwen_Qwen2.5-3B,31,-0.06644098699546752,24.857142857142858
Qwen_Qwen2.5-3B,32,-0.07532813376669957,16.428571428571427
Qwen_Qwen2.5-3B,33,-0.07524149066524252,15.857142857142858
Qwen_Qwen2.5-3B,34,-0.07312772080694055,18.428571428571427
Qwen_Qwen2.5-3B,35,-0.0697855529772641,22.571428571428573
Qwen_Qwen2.5-3B,36,-0.06872955251301754,24.285714285714285
Qwen_Qwen2.5-7B,0,-0.04333111558313205,20.714285714285715
Qwen_Qwen2.5-7B,1,-0.043835814673033636,17.285714285714285
Qwen_Qwen2.5-7B,2,-0.04839670189116195,14.714285714285714
Qwen_Qwen2.5-7B,3,-0.05528807022602945,9.0
Qwen_Qwen2.5-7B,4,-0.02771314802587081,27.428571428571427
Qwen_Qwen2.5-7B,5,-0.03418650707255714,22.571428571428573
Qwen_Qwen2.5-7B,6,-0.039592327912491586,17.571428571428573
Qwen_Qwen2.5-7B,7,-0.041606029125989076,16.857142857142858
Qwen_Qwen2.5-7B,8,-0.04603101396189207,12.142857142857142
Qwen_Qwen2.5-7B,9,-0.049696614756594516,8.428571428571429
Qwen_Qwen2.5-7B,10,-0.05067248252543657,9.142857142857142
Qwen_Qwen2.5-7B,11,-0.052335757017150604,7.714285714285714
Qwen_Qwen2.5-7B,12,-0.05020017112616958,9.571428571428571
Qwen_Qwen2.5-7B,13,-0.049848742650671976,9.857142857142858
Qwen_Qwen2.5-7B,14,-0.04509096059989183,14.142857142857142
Qwen_Qwen2.5-7B,15,-0.04303350569850215,16.0
Qwen_Qwen2.5-7B,16,-0.04030850388700367,19.428571428571427
Qwen_Qwen2.5-7B,17,-0.03881401607795103,21.857142857142858
Qwen_Qwen2.5-7B,18,-0.037937440482254066,23.142857142857142
Qwen_Qwen2.5-7B,19,-0.0387984684920405,21.571428571428573
Qwen_Qwen2.5-7B,20,-0.039614332995793936,20.571428571428573
Qwen_Qwen2.5-7B,21,-0.041617669528986864,18.285714285714285
Qwen_Qwen2.5-7B,22,-0.042330453906665365,17.714285714285715
Qwen_Qwen2.5-7B,23,-0.045294379193879304,14.285714285714286
Qwen_Qwen2.5-7B,24,-0.049742847529122315,9.857142857142858
Qwen_Qwen2.5-7B,25,-0.05255100909301808,8.0
Qwen_Qwen2.5-7B,26,-0.05135683701042309,9.428571428571429
Qwen_Qwen2.5-7B,27,-0.043943785569412586,13.285714285714286
Qwen_Qwen2.5-7B,28,-0.05891612927158824,4.428571428571429
mistralai_Mistral-Nemo-Base-2407,0,-0.04432094660213348,30.428571428571427
mistralai_Mistral-Nemo-Base-2407,1,-0.07494710417736192,29.0
mistralai_Mistral-Nemo-Base-2407,2,-0.06351759808712791,30.571428571428573
mistralai_Mistral-Nemo-Base-2407,3,-0.06743825531695312,29.142857142857142
mistralai_Mistral-Nemo-Base-2407,4,-0.0865143028033608,16.0
mistralai_Mistral-Nemo-Base-2407,5,-0.0953968742437137,7.285714285714286
mistralai_Mistral-Nemo-Base-2407,6,-0.09603305897750918,7.285714285714286
mistralai_Mistral-Nemo-Base-2407,7,-0.10213453688248128,5.142857142857143
mistralai_Mistral-Nemo-Base-2407,8,-0.09632588727805748,7.714285714285714
mistralai_Mistral-Nemo-Base-2407,9,-0.09281557749712445,9.285714285714286
mistralai_Mistral-Nemo-Base-2407,10,-0.09007486883969143,11.714285714285714
mistralai_Mistral-Nemo-Base-2407,11,-0.08774065458209138,15.0
mistralai_Mistral-Nemo-Base-2407,12,-0.08801891457863446,15.0
mistralai_Mistral-Nemo-Base-2407,13,-0.08492868251989384,16.142857142857142
mistralai_Mistral-Nemo-Base-2407,14,-0.07905530916102266,22.428571428571427
mistralai_Mistral-Nemo-Base-2407,15,-0.07642110402871435,25.428571428571427
mistralai_Mistral-Nemo-Base-2407,16,-0.07391331827662598,28.428571428571427
mistralai_Mistral-Nemo-Base-2407,17,-0.07111102806578376,32.142857142857146
mistralai_Mistral-Nemo-Base-2407,18,-0.07074641486289987,31.571428571428573
mistralai_Mistral-Nemo-Base-2407,19,-0.07102677681508615,31.714285714285715
mistralai_Mistral-Nemo-Base-2407,20,-0.07505338298331089,24.857142857142858
mistralai_Mistral-Nemo-Base-2407,21,-0.07793321587583212,21.0
mistralai_Mistral-Nemo-Base-2407,22,-0.07731728513514662,21.857142857142858
mistralai_Mistral-Nemo-Base-2407,23,-0.07771510040015268,20.857142857142858
mistralai_Mistral-Nemo-Base-2407,24,-0.08263162621259339,13.714285714285714
mistralai_Mistral-Nemo-Base-2407,25,-0.08193836942901411,13.857142857142858
mistralai_Mistral-Nemo-Base-2407,26,-0.08106431274986772,14.714285714285714
mistralai_Mistral-Nemo-Base-2407,27,-0.08004683283273162,14.714285714285714
mistralai_Mistral-Nemo-Base-2407,28,-0.07960375442136562,15.428571428571429
mistralai_Mistral-Nemo-Base-2407,29,-0.07888064145986626,16.857142857142858
mistralai_Mistral-Nemo-Base-2407,30,-0.07890903149981168,16.0
mistralai_Mistral-Nemo-Base-2407,31,-0.07797276088713903,18.285714285714285
mistralai_Mistral-Nemo-Base-2407,32,-0.07625354172575934,21.571428571428573
mistralai_Mistral-Nemo-Base-2407,33,-0.0752115278167405,23.0
mistralai_Mistral-Nemo-Base-2407,34,-0.07400643436749457,25.571428571428573
mistralai_Mistral-Nemo-Base-2407,35,-0.07315795392618551,27.0
mistralai_Mistral-Nemo-Base-2407,36,-0.07235020485141577,28.571428571428573
mistralai_Mistral-Nemo-Base-2407,37,-0.07106107016169846,31.571428571428573
mistralai_Mistral-Nemo-Base-2407,38,-0.06989663796572752,33.0
mistralai_Mistral-Nemo-Base-2407,39,-0.07017844205794796,32.0
mistralai_Mistral-Nemo-Base-2407,40,-0.07439151239639363,25.142857142857142
allenai_OLMo-2-1124-7B,0,-0.043976114356064126,24.0
allenai_OLMo-2-1124-7B,1,-0.06854961915413137,23.142857142857142
allenai_OLMo-2-1124-7B,2,-0.068672533061399,21.428571428571427
allenai_OLMo-2-1124-7B,3,-0.06397262978344152,25.0
allenai_OLMo-2-1124-7B,4,-0.07375201162788281,22.285714285714285
allenai_OLMo-2-1124-7B,5,-0.07833904955901123,18.285714285714285
allenai_OLMo-2-1124-7B,6,-0.08688179118688197,12.0
allenai_OLMo-2-1124-7B,7,-0.09336172461213342,4.857142857142857
allenai_OLMo-2-1124-7B,8,-0.09154137898042425,5.428571428571429
allenai_OLMo-2-1124-7B,9,-0.08385440013153087,15.142857142857142
allenai_OLMo-2-1124-7B,10,-0.08463024156329967,13.714285714285714
allenai_OLMo-2-1124-7B,11,-0.08664709090300664,9.857142857142858
allenai_OLMo-2-1124-7B,12,-0.08442973461033627,13.0
allenai_OLMo-2-1124-7B,13,-0.08200272968491662,18.571428571428573
allenai_OLMo-2-1124-7B,14,-0.08173518393102619,19.285714285714285
allenai_OLMo-2-1124-7B,15,-0.08259384834202292,17.857142857142858
allenai_OLMo-2-1124-7B,16,-0.08321577880124928,15.857142857142858
allenai_OLMo-2-1124-7B,17,-0.08335019998465121,15.428571428571429
allenai_OLMo-2-1124-7B,18,-0.08225860089586298,17.285714285714285
allenai_OLMo-2-1124-7B,19,-0.08546728322767082,12.428571428571429
allenai_OLMo-2-1124-7B,20,-0.08213931305323108,17.142857142857142
allenai_OLMo-2-1124-7B,21,-0.08342821712003004,16.571428571428573
allenai_OLMo-2-1124-7B,22,-0.08834062506113757,8.0
allenai_OLMo-2-1124-7B,23,-0.08518607622075401,13.714285714285714
allenai_OLMo-2-1124-7B,24,-0.08573517887439955,12.428571428571429
allenai_OLMo-2-1124-7B,25,-0.08572286408678112,11.0
allenai_OLMo-2-1124-7B,26,-0.08373238650098898,15.428571428571429
allenai_OLMo-2-1124-7B,27,-0.08036567028873998,19.142857142857142
allenai_OLMo-2-1124-7B,28,-0.07838618310797414,21.428571428571427
allenai_OLMo-2-1124-7B,29,-0.07714756621335166,22.428571428571427
allenai_OLMo-2-1124-7B,30,-0.07560542995309329,24.857142857142858
allenai_OLMo-2-1124-7B,31,-0.0737998712784431,26.571428571428573
allenai_OLMo-2-1124-7B,32,-0.07332849601843981,27.428571428571427
