model,word,carrier,signed_M_l_word_alone_raw,signed_M_l_word_alone_norm,signed_M_l_carrier_raw,signed_M_l_carrier_norm,signed_carrier_shift_raw,signed_carrier_shift_norm,prior_direction,abs_norm_gt_0p3,threshold_status,layer
answerdotai_ModernBERT-large,bank,The bank was unstable.,19.9867,0.1763,3.3662,0.0297,-16.6205,-0.1466,sense_0,False,descriptive_sensitivity_only,24
answerdotai_ModernBERT-large,bank,They examined the bank.,19.9867,0.1763,0.0919,0.0008,-19.8948,-0.1755,sense_0,False,descriptive_sensitivity_only,24
answerdotai_ModernBERT-large,bank,The bank had changed.,19.9867,0.1763,26.2165,0.2313,6.2298,0.055,sense_0,False,descriptive_sensitivity_only,24
answerdotai_ModernBERT-large,bank,The bank needed protection.,19.9867,0.1763,-10.2573,-0.0905,-30.244,-0.2668,sense_1,False,descriptive_sensitivity_only,24
answerdotai_ModernBERT-large,bank,The bank became difficult to access.,19.9867,0.1763,21.6283,0.1908,1.6416,0.0145,sense_0,False,descriptive_sensitivity_only,24
answerdotai_ModernBERT-large,bark,The bark drew attention.,-11.121,-0.0825,-5.6188,-0.0417,5.5022,0.0408,sense_1,False,descriptive_sensitivity_only,25
answerdotai_ModernBERT-large,bark,They studied the bark.,-11.121,-0.0825,-33.8963,-0.2516,-22.7753,-0.169,sense_1,False,descriptive_sensitivity_only,25
answerdotai_ModernBERT-large,bark,The bark was unusual.,-11.121,-0.0825,-19.362,-0.1437,-8.241,-0.0612,sense_1,False,descriptive_sensitivity_only,25
answerdotai_ModernBERT-large,bark,The bark changed noticeably.,-11.121,-0.0825,-14.2973,-0.1061,-3.1763,-0.0236,sense_1,False,descriptive_sensitivity_only,25
answerdotai_ModernBERT-large,bark,The bark became the focus.,-11.121,-0.0825,-27.6486,-0.2052,-16.5276,-0.1227,sense_1,False,descriptive_sensitivity_only,25
answerdotai_ModernBERT-large,bat,They watched the bat.,-0.9951,-0.0292,12.2774,0.3606,13.2725,0.3898,sense_0,True,descriptive_sensitivity_only,14
answerdotai_ModernBERT-large,bat,She checked the bat.,-0.9951,-0.0292,13.6769,0.4017,14.672,0.4309,sense_0,True,descriptive_sensitivity_only,14
answerdotai_ModernBERT-large,bat,He moved the bat carefully.,-0.9951,-0.0292,11.489,0.3375,12.4841,0.3667,sense_0,True,descriptive_sensitivity_only,14
answerdotai_ModernBERT-large,bat,The bat was marked.,-0.9951,-0.0292,2.1096,0.062,3.1047,0.0912,sense_0,False,descriptive_sensitivity_only,14
answerdotai_ModernBERT-large,bat,The bat was kept aside.,-0.9951,-0.0292,9.5941,0.2818,10.5893,0.311,sense_0,False,descriptive_sensitivity_only,14
answerdotai_ModernBERT-large,crane,They watched the crane.,-41.2721,-0.3651,-23.8759,-0.2112,17.3962,0.1539,sense_1,False,descriptive_sensitivity_only,26
answerdotai_ModernBERT-large,crane,The crane moved slowly.,-41.2721,-0.3651,-50.9246,-0.4505,-9.6525,-0.0854,sense_1,True,descriptive_sensitivity_only,26
answerdotai_ModernBERT-large,crane,The crane was visible from far away.,-41.2721,-0.3651,-8.4841,-0.0751,32.788,0.2901,sense_1,False,descriptive_sensitivity_only,26
answerdotai_ModernBERT-large,crane,The crane was difficult to approach.,-41.2721,-0.3651,24.9284,0.2205,66.2005,0.5856,sense_0,False,descriptive_sensitivity_only,26
answerdotai_ModernBERT-large,crane,The crane became the focus.,-41.2721,-0.3651,-39.5275,-0.3497,1.7446,0.0154,sense_1,True,descriptive_sensitivity_only,26
answerdotai_ModernBERT-large,spring,The spring was unusually dry.,-31.5441,-0.2658,10.1609,0.0856,41.705,0.3514,sense_0,False,descriptive_sensitivity_only,24
answerdotai_ModernBERT-large,spring,They monitored the spring.,-31.5441,-0.2658,-52.0207,-0.4383,-20.4766,-0.1725,sense_1,True,descriptive_sensitivity_only,24
answerdotai_ModernBERT-large,spring,The spring changed quickly.,-31.5441,-0.2658,-54.0339,-0.4552,-22.4898,-0.1895,sense_1,True,descriptive_sensitivity_only,24
answerdotai_ModernBERT-large,spring,The spring became a concern.,-31.5441,-0.2658,-59.4252,-0.5006,-27.8811,-0.2349,sense_1,True,descriptive_sensitivity_only,24
answerdotai_ModernBERT-large,spring,The spring was hard to assess.,-31.5441,-0.2658,-50.565,-0.426,-19.0208,-0.1602,sense_1,True,descriptive_sensitivity_only,24
answerdotai_ModernBERT-large,match,The match was difficult to start.,-26.9826,-0.1657,41.2067,0.253,68.1893,0.4187,sense_0,False,descriptive_sensitivity_only,28
answerdotai_ModernBERT-large,match,The match ended quickly.,-26.9826,-0.1657,12.0317,0.0739,39.0143,0.2395,sense_0,False,descriptive_sensitivity_only,28
answerdotai_ModernBERT-large,match,They checked the match.,-26.9826,-0.1657,-42.7051,-0.2622,-15.7225,-0.0965,sense_1,False,descriptive_sensitivity_only,28
answerdotai_ModernBERT-large,match,The match caused trouble.,-26.9826,-0.1657,-34.3172,-0.2107,-7.3346,-0.045,sense_1,False,descriptive_sensitivity_only,28
answerdotai_ModernBERT-large,match,The match was watched closely.,-26.9826,-0.1657,94.1315,0.5779,121.114,0.7436,sense_0,True,descriptive_sensitivity_only,28
answerdotai_ModernBERT-large,pitch,They prepared the pitch.,-11.4489,-0.0849,-26.1285,-0.1937,-14.6796,-0.1088,sense_1,False,descriptive_sensitivity_only,27
answerdotai_ModernBERT-large,pitch,They reviewed the pitch.,-11.4489,-0.0849,-62.6413,-0.4644,-51.1924,-0.3795,sense_1,True,descriptive_sensitivity_only,27
answerdotai_ModernBERT-large,pitch,The pitch needed improvement.,-11.4489,-0.0849,-46.3339,-0.3435,-34.885,-0.2586,sense_1,True,descriptive_sensitivity_only,27
answerdotai_ModernBERT-large,pitch,The pitch was ready.,-11.4489,-0.0849,-29.5695,-0.2192,-18.1206,-0.1343,sense_1,False,descriptive_sensitivity_only,27
answerdotai_ModernBERT-large,pitch,They changed the pitch.,-11.4489,-0.0849,-21.2334,-0.1574,-9.7845,-0.0725,sense_1,False,descriptive_sensitivity_only,27
microsoft_deberta-v3-large,bank,The bank was unstable.,-10.1819,-0.3406,-11.6322,-0.3892,-1.4503,-0.0485,sense_1,True,descriptive_sensitivity_only,9
microsoft_deberta-v3-large,bank,They examined the bank.,-10.1819,-0.3406,-12.7799,-0.4276,-2.598,-0.0869,sense_1,True,descriptive_sensitivity_only,9
microsoft_deberta-v3-large,bank,The bank had changed.,-10.1819,-0.3406,-17.0566,-0.5707,-6.8747,-0.23,sense_1,True,descriptive_sensitivity_only,9
microsoft_deberta-v3-large,bank,The bank needed protection.,-10.1819,-0.3406,-16.8734,-0.5645,-6.6915,-0.2239,sense_1,True,descriptive_sensitivity_only,9
microsoft_deberta-v3-large,bank,The bank became difficult to access.,-10.1819,-0.3406,-17.5418,-0.5869,-7.3599,-0.2462,sense_1,True,descriptive_sensitivity_only,9
microsoft_deberta-v3-large,bark,The bark drew attention.,7.1591,0.2795,-2.0743,-0.081,-9.2334,-0.3604,sense_1,False,descriptive_sensitivity_only,10
microsoft_deberta-v3-large,bark,They studied the bark.,7.1591,0.2795,-10.7761,-0.4206,-17.9352,-0.7001,sense_1,True,descriptive_sensitivity_only,10
microsoft_deberta-v3-large,bark,The bark was unusual.,7.1591,0.2795,-11.2973,-0.441,-18.4564,-0.7204,sense_1,True,descriptive_sensitivity_only,10
microsoft_deberta-v3-large,bark,The bark changed noticeably.,7.1591,0.2795,-4.8937,-0.191,-12.0528,-0.4705,sense_1,False,descriptive_sensitivity_only,10
microsoft_deberta-v3-large,bark,The bark became the focus.,7.1591,0.2795,-6.3823,-0.2491,-13.5414,-0.5286,sense_1,False,descriptive_sensitivity_only,10
microsoft_deberta-v3-large,bat,They watched the bat.,5.9851,0.2062,7.4364,0.2562,1.4513,0.05,sense_0,False,descriptive_sensitivity_only,9
microsoft_deberta-v3-large,bat,She checked the bat.,5.9851,0.2062,3.244,0.1118,-2.7411,-0.0944,sense_0,False,descriptive_sensitivity_only,9
microsoft_deberta-v3-large,bat,He moved the bat carefully.,5.9851,0.2062,14.3227,0.4935,8.3376,0.2873,sense_0,True,descriptive_sensitivity_only,9
microsoft_deberta-v3-large,bat,The bat was marked.,5.9851,0.2062,13.2967,0.4581,7.3116,0.2519,sense_0,True,descriptive_sensitivity_only,9
microsoft_deberta-v3-large,bat,The bat was kept aside.,5.9851,0.2062,9.6519,0.3325,3.6668,0.1263,sense_0,True,descriptive_sensitivity_only,9
microsoft_deberta-v3-large,crane,They watched the crane.,-6.6451,-0.295,-2.7626,-0.1226,3.8825,0.1724,sense_1,False,descriptive_sensitivity_only,10
microsoft_deberta-v3-large,crane,The crane moved slowly.,-6.6451,-0.295,-12.4729,-0.5537,-5.8278,-0.2587,sense_1,True,descriptive_sensitivity_only,10
microsoft_deberta-v3-large,crane,The crane was visible from far away.,-6.6451,-0.295,2.6077,0.1158,9.2528,0.4108,sense_0,False,descriptive_sensitivity_only,10
microsoft_deberta-v3-large,crane,The crane was difficult to approach.,-6.6451,-0.295,-12.9998,-0.5771,-6.3547,-0.2821,sense_1,True,descriptive_sensitivity_only,10
microsoft_deberta-v3-large,crane,The crane became the focus.,-6.6451,-0.295,-9.6399,-0.428,-2.9948,-0.133,sense_1,True,descriptive_sensitivity_only,10
microsoft_deberta-v3-large,spring,The spring was unusually dry.,0.1506,0.0083,0.2098,0.0115,0.0592,0.0033,sense_0,False,descriptive_sensitivity_only,8
microsoft_deberta-v3-large,spring,They monitored the spring.,0.1506,0.0083,0.8615,0.0474,0.7109,0.0391,sense_0,False,descriptive_sensitivity_only,8
microsoft_deberta-v3-large,spring,The spring changed quickly.,0.1506,0.0083,6.4722,0.3559,6.3216,0.3477,sense_0,True,descriptive_sensitivity_only,8
microsoft_deberta-v3-large,spring,The spring became a concern.,0.1506,0.0083,-0.7595,-0.0418,-0.9102,-0.0501,sense_1,False,descriptive_sensitivity_only,8
microsoft_deberta-v3-large,spring,The spring was hard to assess.,0.1506,0.0083,2.2047,0.1213,2.0541,0.113,sense_0,False,descriptive_sensitivity_only,8
microsoft_deberta-v3-large,match,The match was difficult to start.,-0.4434,-0.0206,10.928,0.5066,11.3714,0.5271,sense_0,True,descriptive_sensitivity_only,18
microsoft_deberta-v3-large,match,The match ended quickly.,-0.4434,-0.0206,12.324,0.5713,12.7674,0.5918,sense_0,True,descriptive_sensitivity_only,18
microsoft_deberta-v3-large,match,They checked the match.,-0.4434,-0.0206,1.573,0.0729,2.0164,0.0935,sense_0,False,descriptive_sensitivity_only,18
microsoft_deberta-v3-large,match,The match caused trouble.,-0.4434,-0.0206,7.1393,0.3309,7.5827,0.3515,sense_0,True,descriptive_sensitivity_only,18
microsoft_deberta-v3-large,match,The match was watched closely.,-0.4434,-0.0206,12.0482,0.5585,12.4916,0.5791,sense_0,True,descriptive_sensitivity_only,18
microsoft_deberta-v3-large,pitch,They prepared the pitch.,0.8584,0.056,-1.6462,-0.1074,-2.5046,-0.1634,sense_1,False,descriptive_sensitivity_only,23
microsoft_deberta-v3-large,pitch,They reviewed the pitch.,0.8584,0.056,-8.0009,-0.5219,-8.8593,-0.5779,sense_1,True,descriptive_sensitivity_only,23
microsoft_deberta-v3-large,pitch,The pitch needed improvement.,0.8584,0.056,-7.5574,-0.493,-8.4158,-0.549,sense_1,True,descriptive_sensitivity_only,23
microsoft_deberta-v3-large,pitch,The pitch was ready.,0.8584,0.056,-7.5508,-0.4925,-8.4092,-0.5485,sense_1,True,descriptive_sensitivity_only,23
microsoft_deberta-v3-large,pitch,They changed the pitch.,0.8584,0.056,-3.8133,-0.2487,-4.6717,-0.3047,sense_1,False,descriptive_sensitivity_only,23
FacebookAI_roberta-large,bank,The bank was unstable.,-2.3492,-0.1671,-4.0037,-0.2848,-1.6545,-0.1177,sense_1,False,descriptive_sensitivity_only,21
FacebookAI_roberta-large,bank,They examined the bank.,-2.3492,-0.1671,-4.3182,-0.3072,-1.969,-0.1401,sense_1,True,descriptive_sensitivity_only,21
FacebookAI_roberta-large,bank,The bank had changed.,-2.3492,-0.1671,-5.1218,-0.3643,-2.7726,-0.1972,sense_1,True,descriptive_sensitivity_only,21
FacebookAI_roberta-large,bank,The bank needed protection.,-2.3492,-0.1671,-6.577,-0.4679,-4.2278,-0.3008,sense_1,True,descriptive_sensitivity_only,21
FacebookAI_roberta-large,bank,The bank became difficult to access.,-2.3492,-0.1671,-6.6324,-0.4718,-4.2832,-0.3047,sense_1,True,descriptive_sensitivity_only,21
FacebookAI_roberta-large,bark,The bark drew attention.,2.053,0.1465,-1.283,-0.0915,-3.336,-0.238,sense_1,False,descriptive_sensitivity_only,19
FacebookAI_roberta-large,bark,They studied the bark.,2.053,0.1465,-7.9382,-0.5664,-9.9912,-0.7129,sense_1,True,descriptive_sensitivity_only,19
FacebookAI_roberta-large,bark,The bark was unusual.,2.053,0.1465,-6.2056,-0.4428,-8.2586,-0.5892,sense_1,True,descriptive_sensitivity_only,19
FacebookAI_roberta-large,bark,The bark changed noticeably.,2.053,0.1465,-5.5732,-0.3976,-7.6263,-0.5441,sense_1,True,descriptive_sensitivity_only,19
FacebookAI_roberta-large,bark,The bark became the focus.,2.053,0.1465,-5.3018,-0.3783,-7.3549,-0.5248,sense_1,True,descriptive_sensitivity_only,19
FacebookAI_roberta-large,bat,They watched the bat.,0.6436,0.0485,-4.082,-0.3078,-4.7256,-0.3564,sense_1,True,descriptive_sensitivity_only,19
FacebookAI_roberta-large,bat,She checked the bat.,0.6436,0.0485,-2.2563,-0.1702,-2.8999,-0.2187,sense_1,False,descriptive_sensitivity_only,19
FacebookAI_roberta-large,bat,He moved the bat carefully.,0.6436,0.0485,0.8456,0.0638,0.202,0.0152,sense_0,False,descriptive_sensitivity_only,19
FacebookAI_roberta-large,bat,The bat was marked.,0.6436,0.0485,-4.0476,-0.3052,-4.6912,-0.3538,sense_1,True,descriptive_sensitivity_only,19
FacebookAI_roberta-large,bat,The bat was kept aside.,0.6436,0.0485,3.3282,0.251,2.6846,0.2025,sense_0,False,descriptive_sensitivity_only,19
FacebookAI_roberta-large,crane,They watched the crane.,1.1828,0.0951,-1.9993,-0.1608,-3.1821,-0.2559,sense_1,False,descriptive_sensitivity_only,15
FacebookAI_roberta-large,crane,The crane moved slowly.,1.1828,0.0951,-5.6196,-0.4519,-6.8024,-0.547,sense_1,True,descriptive_sensitivity_only,15
FacebookAI_roberta-large,crane,The crane was visible from far away.,1.1828,0.0951,-1.725,-0.1387,-2.9078,-0.2338,sense_1,False,descriptive_sensitivity_only,15
FacebookAI_roberta-large,crane,The crane was difficult to approach.,1.1828,0.0951,-3.7367,-0.3005,-4.9194,-0.3956,sense_1,True,descriptive_sensitivity_only,15
FacebookAI_roberta-large,crane,The crane became the focus.,1.1828,0.0951,-1.4985,-0.1205,-2.6812,-0.2156,sense_1,False,descriptive_sensitivity_only,15
FacebookAI_roberta-large,spring,The spring was unusually dry.,0.8312,0.0615,5.9091,0.4373,5.0779,0.3758,sense_0,True,descriptive_sensitivity_only,22
FacebookAI_roberta-large,spring,They monitored the spring.,0.8312,0.0615,-5.9498,-0.4403,-6.781,-0.5018,sense_1,True,descriptive_sensitivity_only,22
FacebookAI_roberta-large,spring,The spring changed quickly.,0.8312,0.0615,-0.5896,-0.0436,-1.4208,-0.1051,sense_1,False,descriptive_sensitivity_only,22
FacebookAI_roberta-large,spring,The spring became a concern.,0.8312,0.0615,-2.0061,-0.1485,-2.8374,-0.21,sense_1,False,descriptive_sensitivity_only,22
FacebookAI_roberta-large,spring,The spring was hard to assess.,0.8312,0.0615,-1.6878,-0.1249,-2.519,-0.1864,sense_1,False,descriptive_sensitivity_only,22
FacebookAI_roberta-large,match,The match was difficult to start.,1.4772,0.1187,7.941,0.6383,6.4638,0.5195,sense_0,True,descriptive_sensitivity_only,23
FacebookAI_roberta-large,match,The match ended quickly.,1.4772,0.1187,7.053,0.5669,5.5758,0.4482,sense_0,True,descriptive_sensitivity_only,23
FacebookAI_roberta-large,match,They checked the match.,1.4772,0.1187,0.243,0.0195,-1.2342,-0.0992,sense_0,False,descriptive_sensitivity_only,23
FacebookAI_roberta-large,match,The match caused trouble.,1.4772,0.1187,2.6646,0.2142,1.1874,0.0954,sense_0,False,descriptive_sensitivity_only,23
FacebookAI_roberta-large,match,The match was watched closely.,1.4772,0.1187,7.3625,0.5918,5.8853,0.473,sense_0,True,descriptive_sensitivity_only,23
FacebookAI_roberta-large,pitch,They prepared the pitch.,-1.5433,-0.1069,4.5677,0.3163,6.111,0.4232,sense_0,True,descriptive_sensitivity_only,21
FacebookAI_roberta-large,pitch,They reviewed the pitch.,-1.5433,-0.1069,-8.7059,-0.6028,-7.1626,-0.496,sense_1,True,descriptive_sensitivity_only,21
FacebookAI_roberta-large,pitch,The pitch needed improvement.,-1.5433,-0.1069,5.4448,0.377,6.9881,0.4839,sense_0,True,descriptive_sensitivity_only,21
FacebookAI_roberta-large,pitch,The pitch was ready.,-1.5433,-0.1069,-2.3358,-0.1617,-0.7925,-0.0549,sense_1,False,descriptive_sensitivity_only,21
FacebookAI_roberta-large,pitch,They changed the pitch.,-1.5433,-0.1069,5.9465,0.4118,7.4898,0.5186,sense_0,True,descriptive_sensitivity_only,21
FacebookAI_xlm-roberta-large,bank,The bank was unstable.,-0.2687,-0.0243,-2.4807,-0.224,-2.212,-0.1998,sense_1,False,descriptive_sensitivity_only,23
FacebookAI_xlm-roberta-large,bank,They examined the bank.,-0.2687,-0.0243,-2.3801,-0.2149,-2.1114,-0.1907,sense_1,False,descriptive_sensitivity_only,23
FacebookAI_xlm-roberta-large,bank,The bank had changed.,-0.2687,-0.0243,-4.8025,-0.4337,-4.5338,-0.4094,sense_1,True,descriptive_sensitivity_only,23
FacebookAI_xlm-roberta-large,bank,The bank needed protection.,-0.2687,-0.0243,-5.2519,-0.4743,-4.9832,-0.45,sense_1,True,descriptive_sensitivity_only,23
FacebookAI_xlm-roberta-large,bank,The bank became difficult to access.,-0.2687,-0.0243,-5.9821,-0.5402,-5.7134,-0.516,sense_1,True,descriptive_sensitivity_only,23
FacebookAI_xlm-roberta-large,bark,The bark drew attention.,0.4916,0.0727,0.0767,0.0113,-0.4149,-0.0614,sense_0,False,descriptive_sensitivity_only,21
FacebookAI_xlm-roberta-large,bark,They studied the bark.,0.4916,0.0727,-0.8672,-0.1282,-1.3588,-0.2009,sense_1,False,descriptive_sensitivity_only,21
FacebookAI_xlm-roberta-large,bark,The bark was unusual.,0.4916,0.0727,-0.7405,-0.1095,-1.2321,-0.1822,sense_1,False,descriptive_sensitivity_only,21
FacebookAI_xlm-roberta-large,bark,The bark changed noticeably.,0.4916,0.0727,-0.5394,-0.0798,-1.031,-0.1525,sense_1,False,descriptive_sensitivity_only,21
FacebookAI_xlm-roberta-large,bark,The bark became the focus.,0.4916,0.0727,-0.2851,-0.0422,-0.7766,-0.1149,sense_1,False,descriptive_sensitivity_only,21
FacebookAI_xlm-roberta-large,bat,They watched the bat.,-0.5424,-0.0553,0.1956,0.02,0.738,0.0753,sense_0,False,descriptive_sensitivity_only,21
FacebookAI_xlm-roberta-large,bat,She checked the bat.,-0.5424,-0.0553,3.3037,0.337,3.8461,0.3923,sense_0,True,descriptive_sensitivity_only,21
FacebookAI_xlm-roberta-large,bat,He moved the bat carefully.,-0.5424,-0.0553,5.0284,0.5129,5.5708,0.5682,sense_0,True,descriptive_sensitivity_only,21
FacebookAI_xlm-roberta-large,bat,The bat was marked.,-0.5424,-0.0553,-0.7178,-0.0732,-0.1754,-0.0179,sense_1,False,descriptive_sensitivity_only,21
FacebookAI_xlm-roberta-large,bat,The bat was kept aside.,-0.5424,-0.0553,0.5938,0.0606,1.1361,0.1159,sense_0,False,descriptive_sensitivity_only,21
FacebookAI_xlm-roberta-large,crane,They watched the crane.,0.6228,0.0893,0.1831,0.0263,-0.4397,-0.0631,sense_0,False,descriptive_sensitivity_only,21
FacebookAI_xlm-roberta-large,crane,The crane moved slowly.,0.6228,0.0893,-0.1267,-0.0182,-0.7495,-0.1075,sense_1,False,descriptive_sensitivity_only,21
FacebookAI_xlm-roberta-large,crane,The crane was visible from far away.,0.6228,0.0893,-0.1005,-0.0144,-0.7233,-0.1038,sense_1,False,descriptive_sensitivity_only,21
FacebookAI_xlm-roberta-large,crane,The crane was difficult to approach.,0.6228,0.0893,-0.0467,-0.0067,-0.6695,-0.096,sense_1,False,descriptive_sensitivity_only,21
FacebookAI_xlm-roberta-large,crane,The crane became the focus.,0.6228,0.0893,0.5036,0.0722,-0.1192,-0.0171,sense_0,False,descriptive_sensitivity_only,21
FacebookAI_xlm-roberta-large,spring,The spring was unusually dry.,0.6336,0.0938,-0.4736,-0.0701,-1.1072,-0.1639,sense_1,False,descriptive_sensitivity_only,13
FacebookAI_xlm-roberta-large,spring,They monitored the spring.,0.6336,0.0938,-1.228,-0.1818,-1.8616,-0.2757,sense_1,False,descriptive_sensitivity_only,13
FacebookAI_xlm-roberta-large,spring,The spring changed quickly.,0.6336,0.0938,0.3302,0.0489,-0.3034,-0.0449,sense_0,False,descriptive_sensitivity_only,13
FacebookAI_xlm-roberta-large,spring,The spring became a concern.,0.6336,0.0938,-0.8569,-0.1269,-1.4905,-0.2207,sense_1,False,descriptive_sensitivity_only,13
FacebookAI_xlm-roberta-large,spring,The spring was hard to assess.,0.6336,0.0938,-0.7333,-0.1086,-1.3669,-0.2024,sense_1,False,descriptive_sensitivity_only,13
FacebookAI_xlm-roberta-large,match,The match was difficult to start.,-1.535,-0.1941,3.5817,0.453,5.1167,0.6471,sense_0,True,descriptive_sensitivity_only,20
FacebookAI_xlm-roberta-large,match,The match ended quickly.,-1.535,-0.1941,4.1238,0.5216,5.6588,0.7157,sense_0,True,descriptive_sensitivity_only,20
FacebookAI_xlm-roberta-large,match,They checked the match.,-1.535,-0.1941,-0.6736,-0.0852,0.8614,0.1089,sense_1,False,descriptive_sensitivity_only,20
FacebookAI_xlm-roberta-large,match,The match caused trouble.,-1.535,-0.1941,2.1994,0.2782,3.7344,0.4723,sense_0,False,descriptive_sensitivity_only,20
FacebookAI_xlm-roberta-large,match,The match was watched closely.,-1.535,-0.1941,4.8113,0.6085,6.3463,0.8027,sense_0,True,descriptive_sensitivity_only,20
FacebookAI_xlm-roberta-large,pitch,They prepared the pitch.,-0.4551,-0.0474,1.4539,0.1514,1.909,0.1988,sense_0,False,descriptive_sensitivity_only,22
FacebookAI_xlm-roberta-large,pitch,They reviewed the pitch.,-0.4551,-0.0474,-2.2299,-0.2322,-1.7748,-0.1848,sense_1,False,descriptive_sensitivity_only,22
FacebookAI_xlm-roberta-large,pitch,The pitch needed improvement.,-0.4551,-0.0474,4.7115,0.4906,5.1666,0.538,sense_0,True,descriptive_sensitivity_only,22
FacebookAI_xlm-roberta-large,pitch,The pitch was ready.,-0.4551,-0.0474,3.4855,0.3629,3.9406,0.4103,sense_0,True,descriptive_sensitivity_only,22
FacebookAI_xlm-roberta-large,pitch,They changed the pitch.,-0.4551,-0.0474,3.0072,0.3131,3.4623,0.3605,sense_0,True,descriptive_sensitivity_only,22
Qwen_Qwen2.5-3B,bank,The bank was unstable.,0.0581,0.0029,-11.799,-0.5917,-11.8571,-0.5946,sense_1,True,descriptive_sensitivity_only,7
Qwen_Qwen2.5-3B,bank,They examined the bank.,0.0581,0.0029,-4.0114,-0.2012,-4.0695,-0.2041,sense_1,False,descriptive_sensitivity_only,7
Qwen_Qwen2.5-3B,bank,The bank had changed.,0.0581,0.0029,-11.799,-0.5917,-11.8571,-0.5946,sense_1,True,descriptive_sensitivity_only,7
Qwen_Qwen2.5-3B,bank,The bank needed protection.,0.0581,0.0029,-11.8134,-0.5924,-11.8715,-0.5954,sense_1,True,descriptive_sensitivity_only,7
Qwen_Qwen2.5-3B,bank,The bank became difficult to access.,0.0581,0.0029,-11.8134,-0.5924,-11.8715,-0.5954,sense_1,True,descriptive_sensitivity_only,7
Qwen_Qwen2.5-3B,bark,The bark drew attention.,-1.9331,-0.0438,-30.4836,-0.691,-28.5505,-0.6472,sense_1,True,descriptive_sensitivity_only,14
Qwen_Qwen2.5-3B,bark,They studied the bark.,-1.9331,-0.0438,-22.8447,-0.5178,-20.9116,-0.474,sense_1,True,descriptive_sensitivity_only,14
Qwen_Qwen2.5-3B,bark,The bark was unusual.,-1.9331,-0.0438,-30.4836,-0.691,-28.5505,-0.6472,sense_1,True,descriptive_sensitivity_only,14
Qwen_Qwen2.5-3B,bark,The bark changed noticeably.,-1.9331,-0.0438,-30.5175,-0.6917,-28.5844,-0.6479,sense_1,True,descriptive_sensitivity_only,14
Qwen_Qwen2.5-3B,bark,The bark became the focus.,-1.9331,-0.0438,-30.5175,-0.6917,-28.5844,-0.6479,sense_1,True,descriptive_sensitivity_only,14
Qwen_Qwen2.5-3B,bat,They watched the bat.,-25.7079,-0.2487,-15.6716,-0.1516,10.0363,0.0971,sense_1,False,descriptive_sensitivity_only,32
Qwen_Qwen2.5-3B,bat,She checked the bat.,-25.7079,-0.2487,21.922,0.2121,47.6299,0.4608,sense_0,False,descriptive_sensitivity_only,32
Qwen_Qwen2.5-3B,bat,He moved the bat carefully.,-25.7079,-0.2487,39.6933,0.384,65.4012,0.6327,sense_0,True,descriptive_sensitivity_only,32
Qwen_Qwen2.5-3B,bat,The bat was marked.,-25.7079,-0.2487,-44.1091,-0.4267,-18.4012,-0.178,sense_1,True,descriptive_sensitivity_only,32
Qwen_Qwen2.5-3B,bat,The bat was kept aside.,-25.7079,-0.2487,-44.1091,-0.4267,-18.4012,-0.178,sense_1,True,descriptive_sensitivity_only,32
Qwen_Qwen2.5-3B,crane,They watched the crane.,22.1985,0.2423,11.7924,0.1287,-10.4061,-0.1136,sense_0,False,descriptive_sensitivity_only,32
Qwen_Qwen2.5-3B,crane,The crane moved slowly.,22.1985,0.2423,-63.3074,-0.6911,-85.5059,-0.9334,sense_1,True,descriptive_sensitivity_only,32
Qwen_Qwen2.5-3B,crane,The crane was visible from far away.,22.1985,0.2423,-63.3074,-0.6911,-85.5059,-0.9334,sense_1,True,descriptive_sensitivity_only,32
Qwen_Qwen2.5-3B,crane,The crane was difficult to approach.,22.1985,0.2423,-63.4213,-0.6923,-85.6198,-0.9346,sense_1,True,descriptive_sensitivity_only,32
Qwen_Qwen2.5-3B,crane,The crane became the focus.,22.1985,0.2423,-63.4213,-0.6923,-85.6198,-0.9346,sense_1,True,descriptive_sensitivity_only,32
Qwen_Qwen2.5-3B,spring,The spring was unusually dry.,30.2612,0.2905,-67.5569,-0.6485,-97.8181,-0.9389,sense_1,True,descriptive_sensitivity_only,32
Qwen_Qwen2.5-3B,spring,They monitored the spring.,30.2612,0.2905,-50.8853,-0.4884,-81.1465,-0.7789,sense_1,True,descriptive_sensitivity_only,32
Qwen_Qwen2.5-3B,spring,The spring changed quickly.,30.2612,0.2905,-67.5569,-0.6485,-97.8181,-0.9389,sense_1,True,descriptive_sensitivity_only,32
Qwen_Qwen2.5-3B,spring,The spring became a concern.,30.2612,0.2905,-67.6194,-0.6491,-97.8806,-0.9395,sense_1,True,descriptive_sensitivity_only,32
Qwen_Qwen2.5-3B,spring,The spring was hard to assess.,30.2612,0.2905,-67.6194,-0.6491,-97.8806,-0.9395,sense_1,True,descriptive_sensitivity_only,32
Qwen_Qwen2.5-3B,match,The match was difficult to start.,3.9941,0.0875,16.9318,0.3709,12.9377,0.2834,sense_0,True,descriptive_sensitivity_only,15
Qwen_Qwen2.5-3B,match,The match ended quickly.,3.9941,0.0875,16.9318,0.3709,12.9377,0.2834,sense_0,True,descriptive_sensitivity_only,15
Qwen_Qwen2.5-3B,match,They checked the match.,3.9941,0.0875,8.4351,0.1848,4.441,0.0973,sense_0,False,descriptive_sensitivity_only,15
Qwen_Qwen2.5-3B,match,The match caused trouble.,3.9941,0.0875,16.9151,0.3705,12.921,0.283,sense_0,True,descriptive_sensitivity_only,15
Qwen_Qwen2.5-3B,match,The match was watched closely.,3.9941,0.0875,16.9151,0.3705,12.921,0.283,sense_0,True,descriptive_sensitivity_only,15
Qwen_Qwen2.5-3B,pitch,They prepared the pitch.,-1.5312,-0.043,-4.2022,-0.1179,-2.671,-0.0749,sense_1,False,descriptive_sensitivity_only,15
Qwen_Qwen2.5-3B,pitch,They reviewed the pitch.,-1.5312,-0.043,-9.7609,-0.2739,-8.2296,-0.2309,sense_1,False,descriptive_sensitivity_only,15
Qwen_Qwen2.5-3B,pitch,The pitch needed improvement.,-1.5312,-0.043,-24.5841,-0.6899,-23.0528,-0.6469,sense_1,True,descriptive_sensitivity_only,15
Qwen_Qwen2.5-3B,pitch,The pitch was ready.,-1.5312,-0.043,-24.5676,-0.6894,-23.0363,-0.6464,sense_1,True,descriptive_sensitivity_only,15
Qwen_Qwen2.5-3B,pitch,They changed the pitch.,-1.5312,-0.043,-8.2791,-0.2323,-6.7479,-0.1894,sense_1,False,descriptive_sensitivity_only,15
Qwen_Qwen2.5-7B,bank,The bank was unstable.,-21.8531,-0.1832,-55.9905,-0.4695,-34.1374,-0.2863,sense_1,True,descriptive_sensitivity_only,28
Qwen_Qwen2.5-7B,bank,They examined the bank.,-21.8531,-0.1832,-14.8251,-0.1243,7.028,0.0589,sense_1,False,descriptive_sensitivity_only,28
Qwen_Qwen2.5-7B,bank,The bank had changed.,-21.8531,-0.1832,-55.9905,-0.4695,-34.1374,-0.2863,sense_1,True,descriptive_sensitivity_only,28
Qwen_Qwen2.5-7B,bank,The bank needed protection.,-21.8531,-0.1832,-56.5661,-0.4743,-34.713,-0.2911,sense_1,True,descriptive_sensitivity_only,28
Qwen_Qwen2.5-7B,bank,The bank became difficult to access.,-21.8531,-0.1832,-56.5661,-0.4743,-34.713,-0.2911,sense_1,True,descriptive_sensitivity_only,28
Qwen_Qwen2.5-7B,bark,The bark drew attention.,21.5749,0.1791,-42.2929,-0.351,-63.8678,-0.5301,sense_1,True,descriptive_sensitivity_only,28
Qwen_Qwen2.5-7B,bark,They studied the bark.,21.5749,0.1791,-29.312,-0.2433,-50.8869,-0.4224,sense_1,False,descriptive_sensitivity_only,28
Qwen_Qwen2.5-7B,bark,The bark was unusual.,21.5749,0.1791,-42.2929,-0.351,-63.8678,-0.5301,sense_1,True,descriptive_sensitivity_only,28
Qwen_Qwen2.5-7B,bark,The bark changed noticeably.,21.5749,0.1791,-42.1249,-0.3496,-63.6998,-0.5287,sense_1,True,descriptive_sensitivity_only,28
Qwen_Qwen2.5-7B,bark,The bark became the focus.,21.5749,0.1791,-42.1249,-0.3496,-63.6998,-0.5287,sense_1,True,descriptive_sensitivity_only,28
Qwen_Qwen2.5-7B,bat,They watched the bat.,-24.0678,-0.1596,-1.8295,-0.0121,22.2383,0.1475,sense_1,False,descriptive_sensitivity_only,28
Qwen_Qwen2.5-7B,bat,She checked the bat.,-24.0678,-0.1596,37.2288,0.2469,61.2966,0.4064,sense_0,False,descriptive_sensitivity_only,28
Qwen_Qwen2.5-7B,bat,He moved the bat carefully.,-24.0678,-0.1596,52.641,0.349,76.7088,0.5086,sense_0,True,descriptive_sensitivity_only,28
Qwen_Qwen2.5-7B,bat,The bat was marked.,-24.0678,-0.1596,-71.672,-0.4752,-47.6043,-0.3157,sense_1,True,descriptive_sensitivity_only,28
Qwen_Qwen2.5-7B,bat,The bat was kept aside.,-24.0678,-0.1596,-71.672,-0.4752,-47.6043,-0.3157,sense_1,True,descriptive_sensitivity_only,28
Qwen_Qwen2.5-7B,crane,They watched the crane.,55.8144,0.4998,8.6431,0.0774,-47.1713,-0.4224,sense_0,False,descriptive_sensitivity_only,28
Qwen_Qwen2.5-7B,crane,The crane moved slowly.,55.8144,0.4998,-22.2617,-0.1993,-78.0761,-0.6991,sense_1,False,descriptive_sensitivity_only,28
Qwen_Qwen2.5-7B,crane,The crane was visible from far away.,55.8144,0.4998,-22.2617,-0.1993,-78.0761,-0.6991,sense_1,False,descriptive_sensitivity_only,28
Qwen_Qwen2.5-7B,crane,The crane was difficult to approach.,55.8144,0.4998,-23.1772,-0.2075,-78.9916,-0.7073,sense_1,False,descriptive_sensitivity_only,28
Qwen_Qwen2.5-7B,crane,The crane became the focus.,55.8144,0.4998,-23.1772,-0.2075,-78.9916,-0.7073,sense_1,False,descriptive_sensitivity_only,28
Qwen_Qwen2.5-7B,spring,The spring was unusually dry.,0.7701,0.0721,-7.011,-0.6563,-7.7811,-0.7284,sense_1,True,descriptive_sensitivity_only,3
Qwen_Qwen2.5-7B,spring,They monitored the spring.,0.7701,0.0721,-2.2253,-0.2083,-2.9954,-0.2804,sense_1,False,descriptive_sensitivity_only,3
Qwen_Qwen2.5-7B,spring,The spring changed quickly.,0.7701,0.0721,-7.011,-0.6563,-7.7811,-0.7284,sense_1,True,descriptive_sensitivity_only,3
Qwen_Qwen2.5-7B,spring,The spring became a concern.,0.7701,0.0721,-7.0156,-0.6567,-7.7857,-0.7288,sense_1,True,descriptive_sensitivity_only,3
Qwen_Qwen2.5-7B,spring,The spring was hard to assess.,0.7701,0.0721,-7.0156,-0.6567,-7.7857,-0.7288,sense_1,True,descriptive_sensitivity_only,3
Qwen_Qwen2.5-7B,match,The match was difficult to start.,-20.1729,-0.18,-13.0235,-0.1162,7.1494,0.0638,sense_1,False,descriptive_sensitivity_only,28
Qwen_Qwen2.5-7B,match,The match ended quickly.,-20.1729,-0.18,-13.0235,-0.1162,7.1494,0.0638,sense_1,False,descriptive_sensitivity_only,28
Qwen_Qwen2.5-7B,match,They checked the match.,-20.1729,-0.18,-37.3965,-0.3337,-17.2236,-0.1537,sense_1,True,descriptive_sensitivity_only,28
Qwen_Qwen2.5-7B,match,The match caused trouble.,-20.1729,-0.18,-13.6727,-0.122,6.5002,0.058,sense_1,False,descriptive_sensitivity_only,28
Qwen_Qwen2.5-7B,match,The match was watched closely.,-20.1729,-0.18,-13.6727,-0.122,6.5002,0.058,sense_1,False,descriptive_sensitivity_only,28
Qwen_Qwen2.5-7B,pitch,They prepared the pitch.,-67.9183,-0.4884,-3.0889,-0.0222,64.8294,0.4662,sense_1,False,descriptive_sensitivity_only,28
Qwen_Qwen2.5-7B,pitch,They reviewed the pitch.,-67.9183,-0.4884,-28.3167,-0.2036,39.6016,0.2848,sense_1,False,descriptive_sensitivity_only,28
Qwen_Qwen2.5-7B,pitch,The pitch needed improvement.,-67.9183,-0.4884,-98.3381,-0.7072,-30.4198,-0.2188,sense_1,True,descriptive_sensitivity_only,28
Qwen_Qwen2.5-7B,pitch,The pitch was ready.,-67.9183,-0.4884,-97.6419,-0.7022,-29.7235,-0.2138,sense_1,True,descriptive_sensitivity_only,28
Qwen_Qwen2.5-7B,pitch,They changed the pitch.,-67.9183,-0.4884,4.9414,0.0355,72.8597,0.524,sense_0,False,descriptive_sensitivity_only,28
mistralai_Mistral-Nemo-Base-2407,bank,The bank was unstable.,-0.1514,-0.0531,-1.4136,-0.4958,-1.2622,-0.4427,sense_1,True,descriptive_sensitivity_only,4
mistralai_Mistral-Nemo-Base-2407,bank,They examined the bank.,-0.1514,-0.0531,-0.3504,-0.1229,-0.199,-0.0698,sense_1,False,descriptive_sensitivity_only,4
mistralai_Mistral-Nemo-Base-2407,bank,The bank had changed.,-0.1514,-0.0531,-1.4136,-0.4958,-1.2622,-0.4427,sense_1,True,descriptive_sensitivity_only,4
mistralai_Mistral-Nemo-Base-2407,bank,The bank needed protection.,-0.1514,-0.0531,-1.4123,-0.4953,-1.2609,-0.4422,sense_1,True,descriptive_sensitivity_only,4
mistralai_Mistral-Nemo-Base-2407,bank,The bank became difficult to access.,-0.1514,-0.0531,-1.4123,-0.4953,-1.2609,-0.4422,sense_1,True,descriptive_sensitivity_only,4
mistralai_Mistral-Nemo-Base-2407,bark,The bark drew attention.,0.1237,0.0179,-3.2179,-0.4648,-3.3416,-0.4827,sense_1,True,descriptive_sensitivity_only,7
mistralai_Mistral-Nemo-Base-2407,bark,They studied the bark.,0.1237,0.0179,-3.6665,-0.5296,-3.7902,-0.5475,sense_1,True,descriptive_sensitivity_only,7
mistralai_Mistral-Nemo-Base-2407,bark,The bark was unusual.,0.1237,0.0179,-3.2179,-0.4648,-3.3416,-0.4827,sense_1,True,descriptive_sensitivity_only,7
mistralai_Mistral-Nemo-Base-2407,bark,The bark changed noticeably.,0.1237,0.0179,-3.2236,-0.4657,-3.3473,-0.4835,sense_1,True,descriptive_sensitivity_only,7
mistralai_Mistral-Nemo-Base-2407,bark,The bark became the focus.,0.1237,0.0179,-3.2236,-0.4657,-3.3473,-0.4835,sense_1,True,descriptive_sensitivity_only,7
mistralai_Mistral-Nemo-Base-2407,bat,They watched the bat.,-0.1958,-0.0254,-0.4282,-0.0556,-0.2324,-0.0302,sense_1,False,descriptive_sensitivity_only,7
mistralai_Mistral-Nemo-Base-2407,bat,She checked the bat.,-0.1958,-0.0254,0.0896,0.0116,0.2854,0.037,sense_0,False,descriptive_sensitivity_only,7
mistralai_Mistral-Nemo-Base-2407,bat,He moved the bat carefully.,-0.1958,-0.0254,4.4423,0.5766,4.6381,0.602,sense_0,True,descriptive_sensitivity_only,7
mistralai_Mistral-Nemo-Base-2407,bat,The bat was marked.,-0.1958,-0.0254,-2.9918,-0.3883,-2.796,-0.3629,sense_1,True,descriptive_sensitivity_only,7
mistralai_Mistral-Nemo-Base-2407,bat,The bat was kept aside.,-0.1958,-0.0254,-2.9918,-0.3883,-2.796,-0.3629,sense_1,True,descriptive_sensitivity_only,7
mistralai_Mistral-Nemo-Base-2407,crane,They watched the crane.,0.6436,0.142,-0.4153,-0.0916,-1.0589,-0.2336,sense_1,False,descriptive_sensitivity_only,7
mistralai_Mistral-Nemo-Base-2407,crane,The crane moved slowly.,0.6436,0.142,-2.0213,-0.4458,-2.6649,-0.5878,sense_1,True,descriptive_sensitivity_only,7
mistralai_Mistral-Nemo-Base-2407,crane,The crane was visible from far away.,0.6436,0.142,-2.0213,-0.4458,-2.6649,-0.5878,sense_1,True,descriptive_sensitivity_only,7
mistralai_Mistral-Nemo-Base-2407,crane,The crane was difficult to approach.,0.6436,0.142,-2.0183,-0.4451,-2.6619,-0.5871,sense_1,True,descriptive_sensitivity_only,7
mistralai_Mistral-Nemo-Base-2407,crane,The crane became the focus.,0.6436,0.142,-2.0183,-0.4451,-2.6619,-0.5871,sense_1,True,descriptive_sensitivity_only,7
mistralai_Mistral-Nemo-Base-2407,spring,The spring was unusually dry.,1.152,0.2549,-2.0781,-0.4599,-3.2301,-0.7148,sense_1,True,descriptive_sensitivity_only,6
mistralai_Mistral-Nemo-Base-2407,spring,They monitored the spring.,1.152,0.2549,-1.9427,-0.4299,-3.0947,-0.6849,sense_1,True,descriptive_sensitivity_only,6
mistralai_Mistral-Nemo-Base-2407,spring,The spring changed quickly.,1.152,0.2549,-2.0781,-0.4599,-3.2301,-0.7148,sense_1,True,descriptive_sensitivity_only,6
mistralai_Mistral-Nemo-Base-2407,spring,The spring became a concern.,1.152,0.2549,-2.0756,-0.4594,-3.2276,-0.7143,sense_1,True,descriptive_sensitivity_only,6
mistralai_Mistral-Nemo-Base-2407,spring,The spring was hard to assess.,1.152,0.2549,-2.0756,-0.4594,-3.2276,-0.7143,sense_1,True,descriptive_sensitivity_only,6
mistralai_Mistral-Nemo-Base-2407,match,The match was difficult to start.,0.381,0.0553,2.6029,0.3778,2.2219,0.3225,sense_0,True,descriptive_sensitivity_only,7
mistralai_Mistral-Nemo-Base-2407,match,The match ended quickly.,0.381,0.0553,2.6029,0.3778,2.2219,0.3225,sense_0,True,descriptive_sensitivity_only,7
mistralai_Mistral-Nemo-Base-2407,match,They checked the match.,0.381,0.0553,1.772,0.2572,1.391,0.2019,sense_0,False,descriptive_sensitivity_only,7
mistralai_Mistral-Nemo-Base-2407,match,The match caused trouble.,0.381,0.0553,2.6001,0.3774,2.2191,0.3221,sense_0,True,descriptive_sensitivity_only,7
mistralai_Mistral-Nemo-Base-2407,match,The match was watched closely.,0.381,0.0553,2.6001,0.3774,2.2191,0.3221,sense_0,True,descriptive_sensitivity_only,7
mistralai_Mistral-Nemo-Base-2407,pitch,They prepared the pitch.,-2.4282,-0.1186,3.2451,0.1585,5.6733,0.277,sense_0,False,descriptive_sensitivity_only,21
mistralai_Mistral-Nemo-Base-2407,pitch,They reviewed the pitch.,-2.4282,-0.1186,-7.8772,-0.3846,-5.449,-0.2661,sense_1,True,descriptive_sensitivity_only,21
mistralai_Mistral-Nemo-Base-2407,pitch,The pitch needed improvement.,-2.4282,-0.1186,-13.8035,-0.674,-11.3753,-0.5554,sense_1,True,descriptive_sensitivity_only,21
mistralai_Mistral-Nemo-Base-2407,pitch,The pitch was ready.,-2.4282,-0.1186,-13.8166,-0.6747,-11.3884,-0.5561,sense_1,True,descriptive_sensitivity_only,21
mistralai_Mistral-Nemo-Base-2407,pitch,They changed the pitch.,-2.4282,-0.1186,-0.54,-0.0264,1.8882,0.0922,sense_1,False,descriptive_sensitivity_only,21
allenai_OLMo-2-1124-7B,bank,The bank was unstable.,-0.1211,-0.0255,-2.2398,-0.4713,-2.1187,-0.4458,sense_1,True,descriptive_sensitivity_only,6
allenai_OLMo-2-1124-7B,bank,They examined the bank.,-0.1211,-0.0255,-0.7707,-0.1622,-0.6496,-0.1367,sense_1,False,descriptive_sensitivity_only,6
allenai_OLMo-2-1124-7B,bank,The bank had changed.,-0.1211,-0.0255,-2.2398,-0.4713,-2.1187,-0.4458,sense_1,True,descriptive_sensitivity_only,6
allenai_OLMo-2-1124-7B,bank,The bank needed protection.,-0.1211,-0.0255,-2.2384,-0.471,-2.1173,-0.4455,sense_1,True,descriptive_sensitivity_only,6
allenai_OLMo-2-1124-7B,bank,The bank became difficult to access.,-0.1211,-0.0255,-2.2384,-0.471,-2.1173,-0.4455,sense_1,True,descriptive_sensitivity_only,6
allenai_OLMo-2-1124-7B,bark,The bark drew attention.,-0.4419,-0.0672,-3.179,-0.4832,-2.7371,-0.4161,sense_1,True,descriptive_sensitivity_only,8
allenai_OLMo-2-1124-7B,bark,They studied the bark.,-0.4419,-0.0672,-2.7049,-0.4112,-2.263,-0.344,sense_1,True,descriptive_sensitivity_only,8
allenai_OLMo-2-1124-7B,bark,The bark was unusual.,-0.4419,-0.0672,-3.179,-0.4832,-2.7371,-0.4161,sense_1,True,descriptive_sensitivity_only,8
allenai_OLMo-2-1124-7B,bark,The bark changed noticeably.,-0.4419,-0.0672,-3.1751,-0.4826,-2.7332,-0.4155,sense_1,True,descriptive_sensitivity_only,8
allenai_OLMo-2-1124-7B,bark,The bark became the focus.,-0.4419,-0.0672,-3.1751,-0.4826,-2.7332,-0.4155,sense_1,True,descriptive_sensitivity_only,8
allenai_OLMo-2-1124-7B,bat,They watched the bat.,0.1944,0.0274,-2.3007,-0.3241,-2.4951,-0.3515,sense_1,True,descriptive_sensitivity_only,8
allenai_OLMo-2-1124-7B,bat,She checked the bat.,0.1944,0.0274,1.0115,0.1425,0.8171,0.1151,sense_0,False,descriptive_sensitivity_only,8
allenai_OLMo-2-1124-7B,bat,He moved the bat carefully.,0.1944,0.0274,3.4596,0.4873,3.2652,0.4599,sense_0,True,descriptive_sensitivity_only,8
allenai_OLMo-2-1124-7B,bat,The bat was marked.,0.1944,0.0274,-3.85,-0.5423,-4.0445,-0.5697,sense_1,True,descriptive_sensitivity_only,8
allenai_OLMo-2-1124-7B,bat,The bat was kept aside.,0.1944,0.0274,-3.85,-0.5423,-4.0445,-0.5697,sense_1,True,descriptive_sensitivity_only,8
allenai_OLMo-2-1124-7B,crane,They watched the crane.,1.0105,0.2272,0.8461,0.1902,-0.1644,-0.037,sense_0,False,descriptive_sensitivity_only,7
allenai_OLMo-2-1124-7B,crane,The crane moved slowly.,1.0105,0.2272,-0.8292,-0.1864,-1.8397,-0.4136,sense_1,False,descriptive_sensitivity_only,7
allenai_OLMo-2-1124-7B,crane,The crane was visible from far away.,1.0105,0.2272,-0.8292,-0.1864,-1.8397,-0.4136,sense_1,False,descriptive_sensitivity_only,7
allenai_OLMo-2-1124-7B,crane,The crane was difficult to approach.,1.0105,0.2272,-0.8316,-0.187,-1.842,-0.4142,sense_1,False,descriptive_sensitivity_only,7
allenai_OLMo-2-1124-7B,crane,The crane became the focus.,1.0105,0.2272,-0.8316,-0.187,-1.842,-0.4142,sense_1,False,descriptive_sensitivity_only,7
allenai_OLMo-2-1124-7B,spring,The spring was unusually dry.,2.2772,0.3768,-3.9794,-0.6584,-6.2566,-1.0351,sense_1,True,descriptive_sensitivity_only,7
allenai_OLMo-2-1124-7B,spring,They monitored the spring.,2.2772,0.3768,-2.046,-0.3385,-4.3232,-0.7152,sense_1,True,descriptive_sensitivity_only,7
allenai_OLMo-2-1124-7B,spring,The spring changed quickly.,2.2772,0.3768,-3.9794,-0.6584,-6.2566,-1.0351,sense_1,True,descriptive_sensitivity_only,7
allenai_OLMo-2-1124-7B,spring,The spring became a concern.,2.2772,0.3768,-3.9798,-0.6584,-6.257,-1.0352,sense_1,True,descriptive_sensitivity_only,7
allenai_OLMo-2-1124-7B,spring,The spring was hard to assess.,2.2772,0.3768,-3.9798,-0.6584,-6.257,-1.0352,sense_1,True,descriptive_sensitivity_only,7
allenai_OLMo-2-1124-7B,match,The match was difficult to start.,2.1002,0.128,3.6276,0.2211,1.5274,0.0931,sense_0,False,descriptive_sensitivity_only,22
allenai_OLMo-2-1124-7B,match,The match ended quickly.,2.1002,0.128,3.6276,0.2211,1.5274,0.0931,sense_0,False,descriptive_sensitivity_only,22
allenai_OLMo-2-1124-7B,match,They checked the match.,2.1002,0.128,-1.9352,-0.1179,-4.0354,-0.2459,sense_1,False,descriptive_sensitivity_only,22
allenai_OLMo-2-1124-7B,match,The match caused trouble.,2.1002,0.128,3.6561,0.2228,1.5559,0.0948,sense_0,False,descriptive_sensitivity_only,22
allenai_OLMo-2-1124-7B,match,The match was watched closely.,2.1002,0.128,3.6561,0.2228,1.5559,0.0948,sense_0,False,descriptive_sensitivity_only,22
allenai_OLMo-2-1124-7B,pitch,They prepared the pitch.,0.3518,0.0571,-1.3638,-0.2214,-1.7156,-0.2785,sense_1,False,descriptive_sensitivity_only,11
allenai_OLMo-2-1124-7B,pitch,They reviewed the pitch.,0.3518,0.0571,-2.3648,-0.3839,-2.7166,-0.441,sense_1,True,descriptive_sensitivity_only,11
allenai_OLMo-2-1124-7B,pitch,The pitch needed improvement.,0.3518,0.0571,-3.7798,-0.6136,-4.1316,-0.6707,sense_1,True,descriptive_sensitivity_only,11
allenai_OLMo-2-1124-7B,pitch,The pitch was ready.,0.3518,0.0571,-3.7782,-0.6133,-4.13,-0.6704,sense_1,True,descriptive_sensitivity_only,11
allenai_OLMo-2-1124-7B,pitch,They changed the pitch.,0.3518,0.0571,-1.6194,-0.2629,-1.9711,-0.32,sense_1,False,descriptive_sensitivity_only,11
