model,word,n_independent_carriers,signed_M_l_word_alone_raw,signed_M_l_word_alone_norm,mean_signed_M_l_carrier_raw,mean_signed_M_l_carrier_norm,mean_abs_M_l_carrier_norm,mean_abs_carrier_shift_raw,direction_consistency,n_abs_norm_gt_0p3,threshold_status,layer_used
answerdotai_ModernBERT-large,bank,5,19.9867,0.1763,8.2091,0.0724,0.1086,14.9261,0.8,0,descriptive_sensitivity_only,24
answerdotai_ModernBERT-large,bark,5,-11.121,-0.0825,-20.1646,-0.1497,0.1497,11.2445,1.0,0,descriptive_sensitivity_only,25
answerdotai_ModernBERT-large,bat,5,-0.9951,-0.0292,9.8294,0.2887,0.2887,10.8245,1.0,3,descriptive_sensitivity_only,14
answerdotai_ModernBERT-large,crane,5,-41.2721,-0.3651,-19.5767,-0.1732,0.2614,25.5564,0.8,2,descriptive_sensitivity_only,26
answerdotai_ModernBERT-large,spring,5,-31.5441,-0.2658,-41.1768,-0.3469,0.3811,26.3147,0.8,4,descriptive_sensitivity_only,24
answerdotai_ModernBERT-large,match,5,-26.9826,-0.1657,14.0695,0.0864,0.2755,50.2749,0.6,1,descriptive_sensitivity_only,28
answerdotai_ModernBERT-large,pitch,5,-11.4489,-0.0849,-37.1813,-0.2756,0.2756,25.7324,1.0,2,descriptive_sensitivity_only,27
microsoft_deberta-v3-large,bank,5,-10.1819,-0.3406,-15.1768,-0.5078,0.5078,4.9949,1.0,5,descriptive_sensitivity_only,9
microsoft_deberta-v3-large,bark,5,7.1591,0.2795,-7.0847,-0.2765,0.2765,14.2438,1.0,2,descriptive_sensitivity_only,10
microsoft_deberta-v3-large,bat,5,5.9851,0.2062,9.5903,0.3304,0.3304,4.7017,1.0,3,descriptive_sensitivity_only,9
microsoft_deberta-v3-large,crane,5,-6.6451,-0.295,-7.0535,-0.3131,0.3594,5.6625,0.8,3,descriptive_sensitivity_only,10
microsoft_deberta-v3-large,spring,5,0.1506,0.0083,1.7977,0.0989,0.1156,2.0112,0.8,1,descriptive_sensitivity_only,8
microsoft_deberta-v3-large,match,5,-0.4434,-0.0206,8.8025,0.408,0.408,9.2459,1.0,4,descriptive_sensitivity_only,18
microsoft_deberta-v3-large,pitch,5,0.8584,0.056,-5.7137,-0.3727,0.3727,6.5721,1.0,3,descriptive_sensitivity_only,23
FacebookAI_roberta-large,bank,5,-2.3492,-0.1671,-5.3306,-0.3792,0.3792,2.9814,1.0,4,descriptive_sensitivity_only,21
FacebookAI_roberta-large,bark,5,2.053,0.1465,-5.2604,-0.3753,0.3753,7.3134,1.0,4,descriptive_sensitivity_only,19
FacebookAI_roberta-large,bat,5,0.6436,0.0485,-1.2424,-0.0937,0.2196,3.0407,0.6,2,descriptive_sensitivity_only,19
FacebookAI_roberta-large,crane,5,1.1828,0.0951,-2.9158,-0.2345,0.2345,4.0986,1.0,2,descriptive_sensitivity_only,15
FacebookAI_roberta-large,spring,5,0.8312,0.0615,-0.8648,-0.064,0.2389,3.7272,0.8,2,descriptive_sensitivity_only,22
FacebookAI_roberta-large,match,5,1.4772,0.1187,5.0528,0.4061,0.4061,4.0693,1.0,3,descriptive_sensitivity_only,23
FacebookAI_roberta-large,pitch,5,-1.5433,-0.1069,0.9835,0.0681,0.3739,5.7088,0.6,4,descriptive_sensitivity_only,21
FacebookAI_xlm-roberta-large,bank,5,-0.2687,-0.0243,-4.1795,-0.3774,0.3774,3.9108,1.0,3,descriptive_sensitivity_only,23
FacebookAI_xlm-roberta-large,bark,5,0.4916,0.0727,-0.4711,-0.0697,0.0742,0.9627,0.8,0,descriptive_sensitivity_only,21
FacebookAI_xlm-roberta-large,bat,5,-0.5424,-0.0553,1.6807,0.1715,0.2007,2.2933,0.8,2,descriptive_sensitivity_only,21
FacebookAI_xlm-roberta-large,crane,5,0.6228,0.0893,0.0826,0.0118,0.0276,0.5402,0.6,0,descriptive_sensitivity_only,21
FacebookAI_xlm-roberta-large,spring,5,0.6336,0.0938,-0.5923,-0.0877,0.1073,1.2259,0.8,0,descriptive_sensitivity_only,13
FacebookAI_xlm-roberta-large,match,5,-1.535,-0.1941,2.8085,0.3552,0.3893,4.3435,0.8,3,descriptive_sensitivity_only,20
FacebookAI_xlm-roberta-large,pitch,5,-0.4551,-0.0474,2.0856,0.2172,0.31,3.2507,0.8,3,descriptive_sensitivity_only,22
Qwen_Qwen2.5-3B,bank,5,0.0581,0.0029,-10.2472,-0.5139,0.5139,10.3053,1.0,4,descriptive_sensitivity_only,7
Qwen_Qwen2.5-3B,bark,5,-1.9331,-0.0438,-28.9694,-0.6566,0.6566,27.0363,1.0,5,descriptive_sensitivity_only,14
Qwen_Qwen2.5-3B,bat,5,-25.7079,-0.2487,-8.4549,-0.0818,0.3202,31.974,0.6,3,descriptive_sensitivity_only,32
Qwen_Qwen2.5-3B,crane,5,22.1985,0.2423,-48.333,-0.5276,0.5791,70.5315,0.8,4,descriptive_sensitivity_only,32
Qwen_Qwen2.5-3B,spring,5,30.2612,0.2905,-64.2476,-0.6167,0.6167,94.5088,1.0,5,descriptive_sensitivity_only,32
Qwen_Qwen2.5-3B,match,5,3.9941,0.0875,15.2258,0.3335,0.3335,11.2317,1.0,4,descriptive_sensitivity_only,15
Qwen_Qwen2.5-3B,pitch,5,-1.5312,-0.043,-14.2788,-0.4007,0.4007,12.7475,1.0,2,descriptive_sensitivity_only,15
Qwen_Qwen2.5-7B,bank,5,-21.8531,-0.1832,-47.9877,-0.4024,0.4024,28.9458,1.0,4,descriptive_sensitivity_only,28
Qwen_Qwen2.5-7B,bark,5,21.5749,0.1791,-39.6295,-0.3289,0.3289,61.2044,1.0,4,descriptive_sensitivity_only,28
Qwen_Qwen2.5-7B,bat,5,-24.0678,-0.1596,-11.0607,-0.0733,0.3117,51.0905,0.6,3,descriptive_sensitivity_only,28
Qwen_Qwen2.5-7B,crane,5,55.8144,0.4998,-16.4469,-0.1472,0.1782,72.2613,0.8,0,descriptive_sensitivity_only,28
Qwen_Qwen2.5-7B,spring,5,0.7701,0.0721,-6.0557,-0.5669,0.5669,6.8258,1.0,4,descriptive_sensitivity_only,3
Qwen_Qwen2.5-7B,match,5,-20.1729,-0.18,-18.1578,-0.162,0.162,8.9046,1.0,1,descriptive_sensitivity_only,28
Qwen_Qwen2.5-7B,pitch,5,-67.9183,-0.4884,-44.4888,-0.3199,0.3341,47.4868,0.8,2,descriptive_sensitivity_only,28
mistralai_Mistral-Nemo-Base-2407,bank,5,-0.1514,-0.0531,-1.2004,-0.421,0.421,1.049,1.0,4,descriptive_sensitivity_only,4
mistralai_Mistral-Nemo-Base-2407,bark,5,0.1237,0.0179,-3.3099,-0.4781,0.4781,3.4336,1.0,5,descriptive_sensitivity_only,7
mistralai_Mistral-Nemo-Base-2407,bat,5,-0.1958,-0.0254,-0.376,-0.0488,0.2841,2.1496,0.6,3,descriptive_sensitivity_only,7
mistralai_Mistral-Nemo-Base-2407,crane,5,0.6436,0.142,-1.6989,-0.3747,0.3747,2.3425,1.0,4,descriptive_sensitivity_only,7
mistralai_Mistral-Nemo-Base-2407,spring,5,1.152,0.2549,-2.05,-0.4537,0.4537,3.202,1.0,5,descriptive_sensitivity_only,6
mistralai_Mistral-Nemo-Base-2407,match,5,0.381,0.0553,2.4356,0.3535,0.3535,2.0546,1.0,4,descriptive_sensitivity_only,7
mistralai_Mistral-Nemo-Base-2407,pitch,5,-2.4282,-0.1186,-6.5584,-0.3202,0.3836,7.1548,0.8,3,descriptive_sensitivity_only,21
allenai_OLMo-2-1124-7B,bank,5,-0.1211,-0.0255,-1.9454,-0.4094,0.4094,1.8243,1.0,4,descriptive_sensitivity_only,6
allenai_OLMo-2-1124-7B,bark,5,-0.4419,-0.0672,-3.0826,-0.4686,0.4686,2.6407,1.0,5,descriptive_sensitivity_only,8
allenai_OLMo-2-1124-7B,bat,5,0.1944,0.0274,-1.1059,-0.1558,0.4077,2.9333,0.6,4,descriptive_sensitivity_only,8
allenai_OLMo-2-1124-7B,crane,5,1.0105,0.2272,-0.4951,-0.1113,0.1874,1.5056,0.8,0,descriptive_sensitivity_only,7
allenai_OLMo-2-1124-7B,spring,5,2.2772,0.3768,-3.5929,-0.5944,0.5944,5.8701,1.0,5,descriptive_sensitivity_only,7
allenai_OLMo-2-1124-7B,match,5,2.1002,0.128,2.5264,0.154,0.2011,2.0404,0.8,0,descriptive_sensitivity_only,22
allenai_OLMo-2-1124-7B,pitch,5,0.3518,0.0571,-2.5812,-0.419,0.419,2.933,1.0,3,descriptive_sensitivity_only,11
