model,word,n_layers,best_layer_M,best_layer_selection_basis,best_layer_depth,mean_M_best_raw,mean_M_last_raw,mean_M_best_norm,mean_M_last_norm,frac_adeq_best,frac_adeq_last,nested_frac_selected,nested_frac_last,nested_mean_M_norm_selected,nested_mean_M_norm_last,nested_modal_selected_layer,nested_n_outer_folds,gdv_best_layer,layers_agree
answerdotai_ModernBERT-large,bank,29,24,full_profile_leave_one_out,0.857,61.1619,89.7892,0.5403,0.5113,1.0,1.0,0.975,1.0,0.533617,0.511301,24,40,25,False
answerdotai_ModernBERT-large,bark,29,25,full_profile_leave_one_out,0.893,70.4776,75.5148,0.5235,0.4568,1.0,1.0,1.0,1.0,0.523538,0.456765,25,40,25,True
answerdotai_ModernBERT-large,bat,29,14,full_profile_leave_one_out,0.5,11.8865,50.1775,0.35,0.3777,1.0,0.975,0.95,0.975,0.362082,0.377692,14,40,25,False
answerdotai_ModernBERT-large,crane,29,26,full_profile_leave_one_out,0.929,48.4679,49.1264,0.4337,0.4006,0.925,0.925,0.925,0.925,0.433677,0.400625,26,40,24,False
answerdotai_ModernBERT-large,spring,29,24,full_profile_leave_one_out,0.857,65.1586,79.8053,0.5494,0.468,1.0,1.0,1.0,1.0,0.549435,0.468017,24,40,24,True
answerdotai_ModernBERT-large,match,29,28,full_profile_leave_one_out,1.0,75.0992,75.0992,0.462,0.462,1.0,1.0,0.975,1.0,0.488127,0.461991,28,40,25,False
answerdotai_ModernBERT-large,pitch,29,27,full_profile_leave_one_out,0.964,56.6308,53.7655,0.4232,0.3928,0.925,0.925,0.925,0.925,0.418033,0.392774,27,40,25,False
microsoft_deberta-v3-large,bank,25,9,full_profile_leave_one_out,0.375,19.4101,5.868,0.6495,0.4466,1.0,0.975,1.0,0.975,0.649455,0.446616,9,40,8,False
microsoft_deberta-v3-large,bark,25,10,full_profile_leave_one_out,0.417,15.7238,2.5732,0.6139,0.2948,1.0,1.0,1.0,1.0,0.613854,0.294835,10,40,10,True
microsoft_deberta-v3-large,bat,25,9,full_profile_leave_one_out,0.375,18.3494,2.2715,0.6324,0.2772,1.0,0.95,1.0,0.95,0.632354,0.277245,9,40,9,True
microsoft_deberta-v3-large,crane,25,10,full_profile_leave_one_out,0.417,12.8044,2.6004,0.5703,0.2977,0.975,0.925,0.95,0.925,0.551395,0.297652,10,40,10,True
microsoft_deberta-v3-large,spring,25,8,full_profile_leave_one_out,0.333,8.4324,4.6511,0.4658,0.4038,0.975,0.975,0.95,0.975,0.474998,0.403817,8,40,11,False
microsoft_deberta-v3-large,match,25,18,full_profile_leave_one_out,0.75,9.9834,4.3082,0.4633,0.3721,0.975,0.975,0.95,0.975,0.464576,0.372064,18,40,10,False
microsoft_deberta-v3-large,pitch,25,23,full_profile_leave_one_out,0.958,6.2766,4.1838,0.4105,0.3763,1.0,0.975,0.95,0.975,0.406652,0.376284,23,40,12,False
FacebookAI_roberta-large,bank,25,21,full_profile_leave_one_out,0.875,8.2463,2.481,0.5869,0.543,1.0,1.0,1.0,1.0,0.586874,0.542983,21,40,21,True
FacebookAI_roberta-large,bark,25,19,full_profile_leave_one_out,0.792,8.1024,2.9829,0.5781,0.5435,1.0,1.0,1.0,1.0,0.56993,0.54351,19,40,19,True
FacebookAI_roberta-large,bat,25,19,full_profile_leave_one_out,0.792,7.8965,2.3938,0.5957,0.5393,1.0,1.0,1.0,1.0,0.595711,0.539302,19,40,19,True
FacebookAI_roberta-large,crane,25,15,full_profile_leave_one_out,0.625,6.3658,1.8751,0.5134,0.4607,0.975,0.975,0.975,0.975,0.513424,0.460736,15,40,15,True
FacebookAI_roberta-large,spring,25,22,full_profile_leave_one_out,0.917,7.9306,2.5427,0.5873,0.5396,1.0,1.0,1.0,1.0,0.567887,0.539626,22,40,22,True
FacebookAI_roberta-large,match,25,23,full_profile_leave_one_out,0.958,6.5604,2.4746,0.5281,0.5011,0.975,0.975,0.95,0.975,0.522816,0.501111,23,40,19,False
FacebookAI_roberta-large,pitch,25,21,full_profile_leave_one_out,0.875,8.049,2.7168,0.558,0.5197,0.975,0.975,0.975,0.975,0.557985,0.519689,21,40,21,True
FacebookAI_xlm-roberta-large,bank,25,23,full_profile_leave_one_out,0.958,6.4263,1.65,0.5813,0.5579,0.975,0.975,0.975,0.975,0.581298,0.557868,23,40,23,True
FacebookAI_xlm-roberta-large,bark,25,21,full_profile_leave_one_out,0.875,2.7167,0.5018,0.4031,0.295,1.0,0.75,0.975,0.75,0.401087,0.295012,14,40,11,False
FacebookAI_xlm-roberta-large,bat,25,21,full_profile_leave_one_out,0.875,4.8012,1.1285,0.4908,0.4569,1.0,1.0,1.0,1.0,0.490789,0.456893,21,40,21,True
FacebookAI_xlm-roberta-large,crane,25,21,full_profile_leave_one_out,0.875,2.6945,0.6873,0.3896,0.3537,0.9,0.85,0.8,0.85,0.370704,0.353747,21,40,23,False
FacebookAI_xlm-roberta-large,spring,25,13,full_profile_leave_one_out,0.542,2.309,1.0856,0.3431,0.4442,0.975,0.9,0.975,0.9,0.337929,0.444241,13,40,22,False
FacebookAI_xlm-roberta-large,match,25,20,full_profile_leave_one_out,0.833,2.9313,0.8156,0.3734,0.3709,0.95,0.925,0.925,0.925,0.367553,0.370931,20,40,23,False
FacebookAI_xlm-roberta-large,pitch,25,22,full_profile_leave_one_out,0.917,4.984,1.1859,0.5213,0.4841,0.95,0.95,0.95,0.95,0.524143,0.484089,22,40,22,True
Qwen_Qwen2.5-3B,bank,37,7,full_profile_leave_one_out,0.194,7.3479,8.9695,0.3808,0.2175,0.825,0.825,0.825,0.825,0.380771,0.217497,7,40,7,True
Qwen_Qwen2.5-3B,bark,37,14,full_profile_leave_one_out,0.389,19.9742,14.3696,0.4597,0.2953,0.925,0.85,0.925,0.85,0.459661,0.295278,14,40,14,True
Qwen_Qwen2.5-3B,bat,37,32,full_profile_leave_one_out,0.889,31.6085,17.6141,0.3084,0.2944,0.95,0.875,0.95,0.875,0.302334,0.294362,32,40,14,False
Qwen_Qwen2.5-3B,crane,37,32,full_profile_leave_one_out,0.889,23.3956,12.0097,0.2673,0.2501,0.825,0.725,0.825,0.725,0.267279,0.250099,32,40,32,True
Qwen_Qwen2.5-3B,spring,37,32,full_profile_leave_one_out,0.889,37.0141,25.3605,0.3565,0.3796,0.975,0.825,0.95,0.825,0.406635,0.379623,32,40,12,False
Qwen_Qwen2.5-3B,match,37,15,full_profile_leave_one_out,0.417,18.3164,11.6146,0.4072,0.2418,0.875,0.7,0.875,0.7,0.366082,0.241785,15,40,12,False
Qwen_Qwen2.5-3B,pitch,37,15,full_profile_leave_one_out,0.417,12.3987,18.0491,0.3582,0.3288,0.9,0.8,0.9,0.8,0.363107,0.328782,15,40,14,False
Qwen_Qwen2.5-7B,bank,29,28,full_profile_leave_one_out,1.0,21.7523,21.7523,0.1958,0.1958,0.775,0.775,0.675,0.775,0.183892,0.195768,28,40,3,False
Qwen_Qwen2.5-7B,bark,29,28,full_profile_leave_one_out,1.0,26.5888,26.5888,0.2244,0.2244,0.9,0.9,0.9,0.9,0.224407,0.224407,28,40,11,False
Qwen_Qwen2.5-7B,bat,29,28,full_profile_leave_one_out,1.0,46.5629,46.5629,0.3132,0.3132,0.9,0.9,0.875,0.9,0.270023,0.313237,3,40,28,True
Qwen_Qwen2.5-7B,crane,29,28,full_profile_leave_one_out,1.0,23.6847,23.6847,0.2207,0.2207,0.8,0.8,0.8,0.8,0.220652,0.220652,28,40,28,True
Qwen_Qwen2.5-7B,spring,29,3,full_profile_leave_one_out,0.107,2.7696,47.2228,0.2613,0.3206,0.95,0.8,0.95,0.8,0.30103,0.320559,3,40,2,False
Qwen_Qwen2.5-7B,match,29,28,full_profile_leave_one_out,1.0,22.6242,22.6242,0.2056,0.2056,0.8,0.8,0.75,0.8,0.182013,0.205629,28,40,10,False
Qwen_Qwen2.5-7B,pitch,29,28,full_profile_leave_one_out,1.0,37.557,37.557,0.2859,0.2859,0.75,0.75,0.725,0.75,0.273622,0.285867,28,40,3,False
mistralai_Mistral-Nemo-Base-2407,bank,41,4,full_profile_leave_one_out,0.1,0.9664,30.4262,0.3483,0.1792,0.825,0.825,0.825,0.825,0.336752,0.179235,4,40,4,True
mistralai_Mistral-Nemo-Base-2407,bark,41,7,full_profile_leave_one_out,0.175,2.8033,37.8626,0.4092,0.2086,0.925,0.925,0.925,0.925,0.409208,0.208646,7,40,7,True
mistralai_Mistral-Nemo-Base-2407,bat,41,7,full_profile_leave_one_out,0.175,3.4386,86.4788,0.4492,0.3587,0.95,0.875,0.95,0.875,0.449237,0.35866,7,40,7,True
mistralai_Mistral-Nemo-Base-2407,crane,41,7,full_profile_leave_one_out,0.175,1.1402,25.0645,0.2597,0.1835,0.8,0.775,0.8,0.775,0.246577,0.183492,7,40,1,False
mistralai_Mistral-Nemo-Base-2407,spring,41,6,full_profile_leave_one_out,0.15,1.4954,101.4171,0.3308,0.3771,1.0,0.725,0.95,0.725,0.323753,0.377078,6,40,1,False
mistralai_Mistral-Nemo-Base-2407,match,41,7,full_profile_leave_one_out,0.175,2.4271,36.4484,0.3587,0.2013,0.875,0.85,0.875,0.85,0.357121,0.201288,7,40,7,True
mistralai_Mistral-Nemo-Base-2407,pitch,41,21,full_profile_leave_one_out,0.525,7.6643,100.2468,0.3813,0.3873,0.9,0.75,0.875,0.75,0.376656,0.387261,21,40,24,False
allenai_OLMo-2-1124-7B,bank,33,6,full_profile_leave_one_out,0.188,1.5279,8.1827,0.3301,0.2323,0.825,0.825,0.825,0.825,0.330062,0.23233,6,40,6,True
allenai_OLMo-2-1124-7B,bark,33,8,full_profile_leave_one_out,0.25,2.2392,10.8219,0.3451,0.274,0.925,0.925,0.9,0.925,0.357899,0.274044,7,40,7,False
allenai_OLMo-2-1124-7B,bat,33,8,full_profile_leave_one_out,0.25,2.8224,17.514,0.4005,0.3519,0.95,0.925,0.95,0.925,0.400491,0.351927,8,40,8,True
allenai_OLMo-2-1124-7B,crane,33,7,full_profile_leave_one_out,0.219,1.0897,7.5302,0.2506,0.2211,0.8,0.8,0.8,0.8,0.250634,0.221077,7,40,1,False
allenai_OLMo-2-1124-7B,spring,33,7,full_profile_leave_one_out,0.219,2.4041,17.6625,0.3984,0.36,0.975,0.95,0.975,0.95,0.396076,0.359989,7,40,1,False
allenai_OLMo-2-1124-7B,match,33,22,full_profile_leave_one_out,0.688,5.4283,11.6173,0.3347,0.2775,0.875,0.875,0.875,0.875,0.334673,0.277453,22,40,22,True
allenai_OLMo-2-1124-7B,pitch,33,11,full_profile_leave_one_out,0.344,1.7726,15.6248,0.2957,0.3429,0.85,0.775,0.825,0.775,0.27802,0.342924,11,40,22,False
