model,held_out_word,centroid_mode,gdv_selected_layer,supervised_selected_layer,last_selected_layer,oracle_selected_layer,mean_M_raw_gdv,mean_M_norm_gdv,fraction_adequate_gdv,layer_distance_to_oracle_gdv,relative_depth_gdv,mean_M_raw_supervised,mean_M_norm_supervised,fraction_adequate_supervised,layer_distance_to_oracle_supervised,relative_depth_supervised,mean_M_raw_last,mean_M_norm_last,fraction_adequate_last,layer_distance_to_oracle_last,relative_depth_last,mean_M_raw_oracle,mean_M_norm_oracle,fraction_adequate_oracle,layer_distance_to_oracle_oracle,relative_depth_oracle,fraction_regret_to_oracle_gdv,held_out_adequacy_rank_gdv,within_2_layers_of_oracle_gdv,fraction_regret_to_oracle_supervised,held_out_adequacy_rank_supervised,within_2_layers_of_oracle_supervised,fraction_regret_to_oracle_last,held_out_adequacy_rank_last,within_2_layers_of_oracle_last,fraction_regret_to_oracle_oracle,held_out_adequacy_rank_oracle,within_2_layers_of_oracle_oracle
answerdotai_ModernBERT-large,bank,leave_one_out,25,28,28,24,74.344046,0.550034,0.975,1,0.8929,89.789157,0.511301,1.0,4,1.0,89.789157,0.511301,1.0,4,1.0,61.161914,0.540268,1.0,0,0.8571,0.025,19,True,0.0,4,False,0.0,4,False,0.0,1,True
answerdotai_ModernBERT-large,bark,leave_one_out,25,28,28,25,70.477599,0.523538,1.0,0,0.8929,75.514833,0.456765,1.0,3,1.0,75.514833,0.456765,1.0,3,1.0,70.477599,0.523538,1.0,0,0.8929,0.0,1,True,0.0,6,False,0.0,6,False,0.0,1,True
answerdotai_ModernBERT-large,bat,leave_one_out,25,28,28,14,46.239747,0.425923,0.975,11,0.8929,50.177473,0.377693,0.975,14,1.0,50.177473,0.377693,0.975,14,1.0,11.886478,0.350042,1.0,0,0.5,0.025,2,False,0.025,8,False,0.025,8,False,0.0,1,True
answerdotai_ModernBERT-large,crane,leave_one_out,25,28,28,26,45.223779,0.432673,0.925,1,0.8929,49.126427,0.400625,0.925,2,1.0,49.126427,0.400625,0.925,2,1.0,48.467893,0.433677,0.925,0,0.9286,0.0,2,True,0.0,5,True,0.0,5,True,0.0,1,True
answerdotai_ModernBERT-large,spring,leave_one_out,25,28,28,24,70.528207,0.536773,1.0,1,0.8929,79.80527,0.468017,1.0,4,1.0,79.80527,0.468017,1.0,4,1.0,65.15861,0.549435,1.0,0,0.8571,0.0,2,True,0.0,8,False,0.0,8,False,0.0,1,True
answerdotai_ModernBERT-large,match,leave_one_out,25,24,28,28,74.478764,0.526264,0.95,3,0.8929,59.933238,0.516544,0.95,4,0.8571,75.099234,0.461991,1.0,0,1.0,75.099234,0.461991,1.0,0,1.0,0.05,5,False,0.05,6,False,0.0,1,True,0.0,1,True
answerdotai_ModernBERT-large,pitch,leave_one_out,25,28,28,27,46.424677,0.421455,0.925,2,0.8929,53.765546,0.392774,0.925,1,1.0,53.765546,0.392774,0.925,1,1.0,56.630762,0.42324,0.925,0,0.9643,0.0,4,True,0.0,6,True,0.0,6,True,0.0,1,True
microsoft_deberta-v3-large,bank,leave_one_out,10,23,24,9,19.149579,0.635972,1.0,1,0.4167,7.842539,0.456594,1.0,14,0.9583,5.868042,0.446616,0.975,15,1.0,19.410091,0.649455,1.0,0,0.375,0.0,4,True,0.0,22,False,0.025,24,False,0.0,1,True
microsoft_deberta-v3-large,bark,leave_one_out,10,23,24,10,15.723846,0.613854,1.0,0,0.4167,4.405243,0.346047,1.0,13,0.9583,2.573153,0.294835,1.0,14,1.0,15.723846,0.613854,1.0,0,0.4167,0.0,1,True,0.0,19,False,0.0,20,False,0.0,1,True
microsoft_deberta-v3-large,bat,leave_one_out,10,23,24,9,18.39225,0.631849,1.0,1,0.4167,3.858717,0.336904,0.975,14,0.9583,2.271513,0.277245,0.95,15,1.0,18.3494,0.632354,1.0,0,0.375,0.0,2,True,0.025,22,False,0.05,23,False,0.0,1,True
microsoft_deberta-v3-large,crane,leave_one_out,10,19,24,10,12.804449,0.570267,0.975,0,0.4167,5.913299,0.389705,0.975,9,0.7917,2.600359,0.297651,0.925,14,1.0,12.804449,0.570267,0.975,0,0.4167,0.0,1,True,0.0,15,False,0.05,22,False,0.0,1,True
microsoft_deberta-v3-large,spring,leave_one_out,10,18,24,8,11.049373,0.515602,0.95,2,0.4167,9.047486,0.451904,0.95,10,0.75,4.651145,0.403817,0.975,16,1.0,8.432361,0.465776,0.975,0,0.3333,0.025,15,True,0.025,19,False,0.0,7,False,0.0,1,True
microsoft_deberta-v3-large,match,leave_one_out,10,19,24,18,16.176435,0.588841,0.95,8,0.4167,8.753615,0.441779,0.975,1,0.7917,4.308232,0.372064,0.975,6,1.0,9.98344,0.463317,0.975,0,0.75,0.025,8,False,0.0,2,True,0.0,7,False,0.0,1,True
microsoft_deberta-v3-large,pitch,leave_one_out,10,19,24,23,13.158479,0.543029,0.975,13,0.4167,8.082059,0.429102,0.975,4,0.7917,4.183808,0.376284,0.975,1,1.0,6.276601,0.410541,1.0,0,0.9583,0.025,4,False,0.025,13,False,0.025,15,True,0.0,1,True
FacebookAI_roberta-large,bank,leave_one_out,19,23,24,21,7.642316,0.577184,1.0,2,0.7917,7.277968,0.583533,1.0,2,0.9583,2.48096,0.542983,1.0,3,1.0,8.246327,0.586874,1.0,0,0.875,0.0,5,True,0.0,3,True,0.0,14,False,0.0,1,True
FacebookAI_roberta-large,bark,leave_one_out,19,23,24,19,8.102409,0.578146,1.0,0,0.7917,7.861549,0.576761,1.0,4,0.9583,2.982862,0.54351,1.0,5,1.0,8.102409,0.578146,1.0,0,0.7917,0.0,1,True,0.0,2,False,0.0,12,False,0.0,1,True
FacebookAI_roberta-large,bat,leave_one_out,19,23,24,19,7.896477,0.595711,1.0,0,0.7917,6.754251,0.572764,1.0,4,0.9583,2.393784,0.539302,1.0,5,1.0,7.896477,0.595711,1.0,0,0.7917,0.0,1,True,0.0,8,False,0.0,12,False,0.0,1,True
FacebookAI_roberta-large,crane,leave_one_out,19,23,24,15,5.611311,0.507743,0.975,4,0.7917,4.8695,0.484399,0.975,8,0.9583,1.875112,0.460736,0.975,9,1.0,6.36583,0.513424,0.975,0,0.625,0.0,2,False,0.0,9,False,0.0,11,False,0.0,1,True
FacebookAI_roberta-large,spring,leave_one_out,19,23,24,22,8.149614,0.586709,1.0,3,0.7917,7.204813,0.573432,1.0,1,0.9583,2.542709,0.539626,1.0,2,1.0,7.930556,0.587326,1.0,0,0.9167,0.0,2,False,0.0,5,True,0.0,9,True,0.0,1,True
FacebookAI_roberta-large,match,leave_one_out,19,19,24,23,7.487104,0.548273,0.95,4,0.7917,7.487104,0.548273,0.95,4,0.7917,2.474562,0.501111,0.975,1,1.0,6.560375,0.528143,0.975,0,0.9583,0.025,3,False,0.025,3,False,0.0,2,True,0.0,1,True
FacebookAI_roberta-large,pitch,leave_one_out,19,23,24,21,7.282722,0.550793,0.975,2,0.7917,7.314522,0.55378,0.975,2,0.9583,2.716785,0.519689,0.975,3,1.0,8.04898,0.557985,0.975,0,0.875,0.0,5,True,0.0,3,True,0.0,11,False,0.0,1,True
FacebookAI_xlm-roberta-large,bank,leave_one_out,23,21,24,23,6.426253,0.581298,0.975,0,0.9583,6.333602,0.563201,0.975,2,0.875,1.650015,0.557868,0.975,1,1.0,6.426253,0.581298,0.975,0,0.9583,0.0,1,True,0.0,3,True,0.0,4,True,0.0,1,True
FacebookAI_xlm-roberta-large,bark,leave_one_out,23,21,24,21,1.976397,0.330461,0.75,2,0.9583,2.716696,0.403148,1.0,0,0.875,0.501783,0.295012,0.75,3,1.0,2.716696,0.403148,1.0,0,0.875,0.25,16,True,0.0,1,True,0.25,17,False,0.0,1,True
FacebookAI_xlm-roberta-large,bat,leave_one_out,23,21,24,21,4.244058,0.480102,1.0,2,0.9583,4.801153,0.490789,1.0,0,0.875,1.128526,0.456893,1.0,3,1.0,4.801153,0.490789,1.0,0,0.875,0.0,2,True,0.0,1,True,0.0,4,False,0.0,1,True
FacebookAI_xlm-roberta-large,crane,leave_one_out,23,16,24,21,2.707148,0.386321,0.875,2,0.9583,2.270476,0.321177,0.85,5,0.6667,0.687334,0.353747,0.85,3,1.0,2.694508,0.389551,0.9,0,0.875,0.025,4,True,0.05,11,False,0.05,9,False,0.0,1,True
FacebookAI_xlm-roberta-large,spring,leave_one_out,23,21,24,13,4.23614,0.471589,0.9,10,0.9583,3.981186,0.448795,0.9,8,0.875,1.085637,0.444241,0.9,11,1.0,2.309017,0.343113,0.975,0,0.5417,0.075,17,False,0.075,18,False,0.075,19,False,0.0,1,True
FacebookAI_xlm-roberta-large,match,leave_one_out,23,15,24,20,3.035004,0.393709,0.925,3,0.9583,2.217141,0.298686,0.85,5,0.625,0.815596,0.370931,0.925,4,1.0,2.931309,0.373425,0.95,0,0.8333,0.025,3,False,0.1,10,False,0.025,5,False,0.0,1,True
FacebookAI_xlm-roberta-large,pitch,leave_one_out,23,21,24,22,4.697643,0.51108,0.95,1,0.9583,5.235422,0.517831,0.95,1,0.875,1.185868,0.484089,0.95,2,1.0,4.983977,0.521334,0.95,0,0.9167,0.0,3,True,0.0,2,True,0.0,4,True,0.0,1,True
Qwen_Qwen2.5-3B,bank,leave_one_out,14,31,36,7,11.411826,0.351726,0.825,7,0.3889,16.274181,0.249453,0.825,24,0.8611,8.969498,0.217497,0.825,29,1.0,7.34791,0.380771,0.825,0,0.1944,0.0,3,False,0.0,26,False,0.0,31,False,0.0,1,True
Qwen_Qwen2.5-3B,bark,leave_one_out,14,31,36,14,19.974197,0.459661,0.925,0,0.3889,23.828471,0.318869,0.9,17,0.8611,14.369642,0.295278,0.85,22,1.0,19.974197,0.459661,0.925,0,0.3889,0.0,1,True,0.025,24,False,0.075,30,False,0.0,1,True
Qwen_Qwen2.5-3B,bat,leave_one_out,12,31,36,32,135.112077,0.253352,0.625,20,0.3333,23.145664,0.300156,0.925,1,0.8611,17.614111,0.294362,0.875,4,1.0,31.608528,0.30843,0.95,0,0.8889,0.325,11,False,0.025,3,True,0.075,6,False,0.0,1,True
Qwen_Qwen2.5-3B,crane,leave_one_out,14,31,36,32,-1.467648,0.10182,0.55,18,0.3889,14.428703,0.242951,0.825,1,0.8611,12.009738,0.250099,0.725,4,1.0,23.395613,0.267279,0.825,0,0.8889,0.275,19,False,0.0,5,True,0.1,6,False,0.0,1,True
Qwen_Qwen2.5-3B,spring,leave_one_out,14,31,36,32,188.56122,0.252938,0.625,18,0.3889,26.827504,0.343583,0.95,1,0.8611,25.360537,0.379623,0.825,4,1.0,37.014054,0.356533,0.975,0,0.8889,0.35,28,False,0.025,5,True,0.15,7,False,0.0,1,True
Qwen_Qwen2.5-3B,match,leave_one_out,14,32,36,15,16.303637,0.400475,0.875,1,0.3889,26.054424,0.273776,0.775,17,0.8889,11.614603,0.241785,0.7,21,1.0,18.316439,0.407234,0.875,0,0.4167,0.0,3,True,0.1,27,False,0.175,35,False,0.0,1,True
Qwen_Qwen2.5-3B,pitch,leave_one_out,14,31,36,15,13.096226,0.368401,0.85,1,0.3889,27.010687,0.333333,0.825,16,0.8611,18.04908,0.328782,0.8,21,1.0,12.398657,0.358165,0.9,0,0.4167,0.05,8,True,0.075,20,False,0.1,24,False,0.0,1,True
Qwen_Qwen2.5-7B,bank,leave_one_out,28,28,28,28,21.752309,0.195768,0.775,0,1.0,21.752309,0.195768,0.775,0,1.0,21.752309,0.195768,0.775,0,1.0,21.752309,0.195768,0.775,0,1.0,0.0,1,True,0.0,1,True,0.0,1,True,0.0,1,True
Qwen_Qwen2.5-7B,bark,leave_one_out,3,28,28,28,0.881098,0.160278,0.6,25,0.1071,26.588803,0.224407,0.9,0,1.0,26.588803,0.224407,0.9,0,1.0,26.588803,0.224407,0.9,0,1.0,0.3,28,False,0.0,1,True,0.0,1,True,0.0,1,True
Qwen_Qwen2.5-7B,bat,leave_one_out,3,28,28,28,1.603164,0.2142,0.9,25,0.1071,46.562943,0.313237,0.9,0,1.0,46.562943,0.313237,0.9,0,1.0,46.562943,0.313237,0.9,0,1.0,0.0,2,False,0.0,1,True,0.0,1,True,0.0,1,True
Qwen_Qwen2.5-7B,crane,leave_one_out,28,28,28,28,23.68465,0.220651,0.8,0,1.0,23.68465,0.220651,0.8,0,1.0,23.68465,0.220651,0.8,0,1.0,23.68465,0.220651,0.8,0,1.0,0.0,1,True,0.0,1,True,0.0,1,True,0.0,1,True
Qwen_Qwen2.5-7B,spring,leave_one_out,28,28,28,3,47.222792,0.320559,0.8,25,1.0,47.222792,0.320559,0.8,25,1.0,47.222792,0.320559,0.8,25,1.0,2.769558,0.261265,0.95,0,0.1071,0.15,4,False,0.15,4,False,0.15,4,False,0.0,1,True
Qwen_Qwen2.5-7B,match,leave_one_out,28,28,28,28,22.624247,0.205629,0.8,0,1.0,22.624247,0.205629,0.8,0,1.0,22.624247,0.205629,0.8,0,1.0,22.624247,0.205629,0.8,0,1.0,0.0,1,True,0.0,1,True,0.0,1,True,0.0,1,True
Qwen_Qwen2.5-7B,pitch,leave_one_out,28,28,28,28,37.556997,0.285867,0.75,0,1.0,37.556997,0.285867,0.75,0,1.0,37.556997,0.285867,0.75,0,1.0,37.556997,0.285867,0.75,0,1.0,0.0,1,True,0.0,1,True,0.0,1,True,0.0,1,True
mistralai_Mistral-Nemo-Base-2407,bank,leave_one_out,7,21,40,4,2.096297,0.345213,0.825,3,0.175,5.197064,0.292566,0.825,17,0.525,30.426157,0.179235,0.825,36,1.0,0.966419,0.348307,0.825,0,0.1,0.0,3,False,0.0,15,False,0.0,39,False,0.0,1,True
mistralai_Mistral-Nemo-Base-2407,bark,leave_one_out,7,21,40,7,2.80327,0.409208,0.925,0,0.175,6.642991,0.347381,0.925,14,0.525,37.862585,0.208646,0.925,33,1.0,2.80327,0.409208,0.925,0,0.175,0.0,1,True,0.0,17,False,0.0,38,False,0.0,1,True
mistralai_Mistral-Nemo-Base-2407,bat,leave_one_out,7,20,40,7,3.438589,0.449237,0.95,0,0.175,5.777739,0.348005,0.95,13,0.5,86.47883,0.35866,0.875,33,1.0,3.438589,0.449237,0.95,0,0.175,0.0,1,True,0.0,18,False,0.075,38,False,0.0,1,True
mistralai_Mistral-Nemo-Base-2407,crane,leave_one_out,7,21,40,7,1.140193,0.25971,0.8,0,0.175,2.299313,0.199812,0.8,14,0.525,25.064524,0.183492,0.775,33,1.0,1.140193,0.25971,0.8,0,0.175,0.0,1,True,0.0,30,False,0.025,37,False,0.0,1,True
mistralai_Mistral-Nemo-Base-2407,spring,leave_one_out,7,13,40,6,1.761469,0.321269,1.0,1,0.175,2.967773,0.296671,0.975,7,0.325,101.41709,0.377078,0.725,34,1.0,1.495394,0.330842,1.0,0,0.15,0.0,2,True,0.025,28,False,0.275,40,False,0.0,1,True
mistralai_Mistral-Nemo-Base-2407,match,leave_one_out,7,21,40,7,2.427117,0.358714,0.875,0,0.175,5.985854,0.309439,0.875,14,0.525,36.448373,0.201288,0.85,33,1.0,2.427117,0.358714,0.875,0,0.175,0.0,1,True,0.0,14,False,0.025,38,False,0.0,1,True
mistralai_Mistral-Nemo-Base-2407,pitch,leave_one_out,7,7,40,21,2.152975,0.367525,0.85,14,0.175,2.152975,0.367525,0.85,14,0.175,100.246758,0.387261,0.75,19,1.0,7.66427,0.381318,0.9,0,0.525,0.05,33,False,0.05,33,False,0.15,39,False,0.0,1,True
allenai_OLMo-2-1124-7B,bank,leave_one_out,7,11,32,6,1.665703,0.324226,0.825,1,0.2188,1.883574,0.291863,0.825,5,0.3438,8.182666,0.23233,0.825,26,1.0,1.527924,0.330062,0.825,0,0.1875,0.0,2,True,0.0,5,False,0.0,30,False,0.0,1,True
allenai_OLMo-2-1124-7B,bark,leave_one_out,7,11,32,8,2.230301,0.358178,0.9,1,0.2188,2.508767,0.331843,0.925,3,0.3438,10.821874,0.274044,0.925,24,1.0,2.239216,0.345058,0.925,0,0.25,0.025,26,True,0.0,4,False,0.0,25,False,0.0,1,True
allenai_OLMo-2-1124-7B,bat,leave_one_out,7,11,32,8,2.49235,0.390244,0.95,1,0.2188,3.259742,0.393286,0.95,3,0.3438,17.513972,0.351927,0.925,24,1.0,2.822359,0.400491,0.95,0,0.25,0.0,4,True,0.0,2,False,0.025,28,False,0.0,1,True
allenai_OLMo-2-1124-7B,crane,leave_one_out,7,11,32,7,1.089702,0.250635,0.8,0,0.2188,1.353633,0.245547,0.8,4,0.3438,7.530223,0.221077,0.8,25,1.0,1.089702,0.250635,0.8,0,0.2188,0.0,1,True,0.0,2,False,0.0,23,False,0.0,1,True
allenai_OLMo-2-1124-7B,spring,leave_one_out,7,11,32,7,2.4041,0.398428,0.975,0,0.2188,2.926968,0.374301,0.975,4,0.3438,17.662475,0.359989,0.95,25,1.0,2.4041,0.398428,0.975,0,0.2188,0.0,1,True,0.0,10,False,0.025,28,False,0.0,1,True
allenai_OLMo-2-1124-7B,match,leave_one_out,7,11,32,22,1.831128,0.322888,0.875,15,0.2188,2.447515,0.325951,0.875,11,0.3438,11.617262,0.277453,0.875,10,1.0,5.428293,0.334673,0.875,0,0.6875,0.0,10,False,0.0,5,False,0.0,27,False,0.0,1,True
allenai_OLMo-2-1124-7B,pitch,leave_one_out,7,8,32,11,1.54776,0.31276,0.825,4,0.2188,1.605612,0.307154,0.825,3,0.25,15.624784,0.342924,0.775,21,1.0,1.772612,0.295731,0.85,0,0.3438,0.025,15,False,0.025,17,False,0.075,30,False,0.0,1,True
