model,arch_type,word,condition,n,mean_M_l_raw,mean_M_l_norm,frac_adequate,layer_used
answerdotai_ModernBERT-large,encoder,bank,L,10,18.5261,0.1634,0.6,24
answerdotai_ModernBERT-large,encoder,bank,R,10,17.6033,0.1553,0.8,24
answerdotai_ModernBERT-large,encoder,bark,L,10,18.5237,0.1375,0.5,25
answerdotai_ModernBERT-large,encoder,bark,R,10,18.2309,0.1353,0.6,25
answerdotai_ModernBERT-large,encoder,bat,L,10,5.5541,0.1631,0.7,14
answerdotai_ModernBERT-large,encoder,bat,R,10,5.7384,0.1685,0.8,14
answerdotai_ModernBERT-large,encoder,crane,L,10,42.3888,0.375,0.9,26
answerdotai_ModernBERT-large,encoder,crane,R,10,51.2378,0.4533,1.0,26
answerdotai_ModernBERT-large,encoder,spring,L,10,17.4921,0.1474,0.5,24
answerdotai_ModernBERT-large,encoder,spring,R,10,18.8423,0.1587,0.6,24
answerdotai_ModernBERT-large,encoder,match,L,10,66.4228,0.4078,0.9,28
answerdotai_ModernBERT-large,encoder,match,R,10,54.7415,0.3361,0.8,28
answerdotai_ModernBERT-large,encoder,pitch,L,10,41.8273,0.3101,1.0,27
answerdotai_ModernBERT-large,encoder,pitch,R,10,46.605,0.3455,0.9,27
microsoft_deberta-v3-large,encoder,bank,L,10,14.927,0.4994,1.0,9
microsoft_deberta-v3-large,encoder,bank,R,10,14.9694,0.5008,1.0,9
microsoft_deberta-v3-large,encoder,bark,L,10,9.6995,0.3786,0.9,10
microsoft_deberta-v3-large,encoder,bark,R,10,9.1276,0.3563,0.9,10
microsoft_deberta-v3-large,encoder,bat,L,10,16.1846,0.5576,1.0,9
microsoft_deberta-v3-large,encoder,bat,R,10,16.0212,0.552,1.0,9
microsoft_deberta-v3-large,encoder,crane,L,10,15.2627,0.6776,1.0,10
microsoft_deberta-v3-large,encoder,crane,R,10,15.7976,0.7013,1.0,10
microsoft_deberta-v3-large,encoder,spring,L,10,5.4929,0.3021,0.8,8
microsoft_deberta-v3-large,encoder,spring,R,10,5.9699,0.3283,0.9,8
microsoft_deberta-v3-large,encoder,match,L,10,9.5774,0.444,1.0,18
microsoft_deberta-v3-large,encoder,match,R,10,8.7301,0.4047,0.9,18
microsoft_deberta-v3-large,encoder,pitch,L,10,4.6048,0.3004,1.0,23
microsoft_deberta-v3-large,encoder,pitch,R,10,5.1878,0.3384,1.0,23
FacebookAI_roberta-large,encoder,bank,L,10,5.9315,0.4219,0.9,21
FacebookAI_roberta-large,encoder,bank,R,10,5.2202,0.3713,0.9,21
FacebookAI_roberta-large,encoder,bark,L,10,4.7475,0.3387,0.8,19
FacebookAI_roberta-large,encoder,bark,R,10,4.4093,0.3146,0.9,19
FacebookAI_roberta-large,encoder,bat,L,10,6.7524,0.5092,1.0,19
FacebookAI_roberta-large,encoder,bat,R,10,7.0263,0.5299,1.0,19
FacebookAI_roberta-large,encoder,crane,L,10,6.916,0.5561,1.0,15
FacebookAI_roberta-large,encoder,crane,R,10,6.9023,0.555,1.0,15
FacebookAI_roberta-large,encoder,spring,L,10,4.232,0.3132,0.8,22
FacebookAI_roberta-large,encoder,spring,R,10,5.0728,0.3754,0.8,22
FacebookAI_roberta-large,encoder,match,L,10,4.5071,0.3623,0.9,23
FacebookAI_roberta-large,encoder,match,R,10,2.5532,0.2052,0.6,23
FacebookAI_roberta-large,encoder,pitch,L,10,6.4289,0.4452,0.9,21
FacebookAI_roberta-large,encoder,pitch,R,10,6.9729,0.4828,0.9,21
FacebookAI_xlm-roberta-large,encoder,bank,L,10,3.8746,0.3499,0.8,23
FacebookAI_xlm-roberta-large,encoder,bank,R,10,3.9784,0.3593,0.8,23
FacebookAI_xlm-roberta-large,encoder,bark,L,10,1.6916,0.2502,0.8,21
FacebookAI_xlm-roberta-large,encoder,bark,R,10,1.8628,0.2755,0.8,21
FacebookAI_xlm-roberta-large,encoder,bat,L,10,2.857,0.2914,0.8,21
FacebookAI_xlm-roberta-large,encoder,bat,R,10,3.0926,0.3154,0.8,21
FacebookAI_xlm-roberta-large,encoder,crane,L,10,2.8879,0.4143,0.8,21
FacebookAI_xlm-roberta-large,encoder,crane,R,10,2.7483,0.3943,0.9,21
FacebookAI_xlm-roberta-large,encoder,spring,L,10,0.7045,0.1043,0.5,13
FacebookAI_xlm-roberta-large,encoder,spring,R,10,0.5956,0.0882,0.6,13
FacebookAI_xlm-roberta-large,encoder,match,L,10,2.6893,0.3401,0.8,20
FacebookAI_xlm-roberta-large,encoder,match,R,10,2.3939,0.3028,0.9,20
FacebookAI_xlm-roberta-large,encoder,pitch,L,10,5.0263,0.5234,1.0,22
FacebookAI_xlm-roberta-large,encoder,pitch,R,10,4.8568,0.5057,1.0,22
Qwen_Qwen2.5-3B,decoder,bank,L,10,7.306,0.3664,0.8,7
Qwen_Qwen2.5-3B,decoder,bank,R,10,0.0,0.0,0.5,7
Qwen_Qwen2.5-3B,decoder,bark,L,10,19.2354,0.436,1.0,14
Qwen_Qwen2.5-3B,decoder,bark,R,10,0.0,0.0,0.5,14
Qwen_Qwen2.5-3B,decoder,bat,L,10,23.1905,0.2243,0.9,32
Qwen_Qwen2.5-3B,decoder,bat,R,10,0.0,0.0,0.5,32
Qwen_Qwen2.5-3B,decoder,crane,L,10,41.9655,0.4581,1.0,32
Qwen_Qwen2.5-3B,decoder,crane,R,10,0.0212,0.0002,0.5,32
Qwen_Qwen2.5-3B,decoder,spring,L,10,13.5562,0.1301,0.6,32
Qwen_Qwen2.5-3B,decoder,spring,R,10,0.0,-0.0,0.5,32
Qwen_Qwen2.5-3B,decoder,match,L,10,26.5716,0.582,1.0,15
Qwen_Qwen2.5-3B,decoder,match,R,10,0.0,0.0,0.5,15
Qwen_Qwen2.5-3B,decoder,pitch,L,10,11.6591,0.3272,1.0,15
Qwen_Qwen2.5-3B,decoder,pitch,R,10,0.0,-0.0,0.5,15
Qwen_Qwen2.5-7B,decoder,bank,L,10,26.9878,0.2263,1.0,28
Qwen_Qwen2.5-7B,decoder,bank,R,10,-0.3344,-0.0028,0.5,28
Qwen_Qwen2.5-7B,decoder,bark,L,10,33.6125,0.279,1.0,28
Qwen_Qwen2.5-7B,decoder,bark,R,10,0.33,0.0027,0.5,28
Qwen_Qwen2.5-7B,decoder,bat,L,10,28.0124,0.1857,0.7,28
Qwen_Qwen2.5-7B,decoder,bat,R,10,0.0,0.0,0.5,28
Qwen_Qwen2.5-7B,decoder,crane,L,10,39.0541,0.3497,1.0,28
Qwen_Qwen2.5-7B,decoder,crane,R,10,-0.3125,-0.0028,0.5,28
Qwen_Qwen2.5-7B,decoder,spring,L,10,0.4831,0.0452,0.5,3
Qwen_Qwen2.5-7B,decoder,spring,R,10,-0.0,-0.0,0.5,3
Qwen_Qwen2.5-7B,decoder,match,L,10,33.4268,0.2983,1.0,28
Qwen_Qwen2.5-7B,decoder,match,R,10,-0.31,-0.0028,0.5,28
Qwen_Qwen2.5-7B,decoder,pitch,L,10,23.0952,0.1661,0.9,28
Qwen_Qwen2.5-7B,decoder,pitch,R,10,0.1793,0.0013,0.5,28
mistralai_Mistral-Nemo-Base-2407,decoder,bank,L,10,1.1709,0.4107,1.0,4
mistralai_Mistral-Nemo-Base-2407,decoder,bank,R,10,-0.0,0.0,0.5,4
mistralai_Mistral-Nemo-Base-2407,decoder,bark,L,10,2.4887,0.3595,0.9,7
mistralai_Mistral-Nemo-Base-2407,decoder,bark,R,10,-0.003,-0.0004,0.5,7
mistralai_Mistral-Nemo-Base-2407,decoder,bat,L,10,4.0666,0.5278,1.0,7
mistralai_Mistral-Nemo-Base-2407,decoder,bat,R,10,0.0,0.0,0.5,7
mistralai_Mistral-Nemo-Base-2407,decoder,crane,L,10,2.6014,0.5737,1.0,7
mistralai_Mistral-Nemo-Base-2407,decoder,crane,R,10,-0.0032,-0.0007,0.5,7
mistralai_Mistral-Nemo-Base-2407,decoder,spring,L,10,0.6533,0.1446,0.5,6
mistralai_Mistral-Nemo-Base-2407,decoder,spring,R,10,-0.0,0.0,0.5,6
mistralai_Mistral-Nemo-Base-2407,decoder,match,L,10,3.4744,0.5043,1.0,7
mistralai_Mistral-Nemo-Base-2407,decoder,match,R,10,-0.0,0.0,0.5,7
mistralai_Mistral-Nemo-Base-2407,decoder,pitch,L,10,6.4557,0.3152,1.0,21
mistralai_Mistral-Nemo-Base-2407,decoder,pitch,R,10,-0.0,0.0,0.5,21
allenai_OLMo-2-1124-7B,decoder,bank,L,10,1.9426,0.4088,1.0,6
allenai_OLMo-2-1124-7B,decoder,bank,R,10,0.0001,0.0,0.5,6
allenai_OLMo-2-1124-7B,decoder,bark,L,10,2.2249,0.3382,1.0,8
allenai_OLMo-2-1124-7B,decoder,bark,R,10,0.0,0.0,0.5,8
allenai_OLMo-2-1124-7B,decoder,bat,L,10,3.1621,0.4454,1.0,8
allenai_OLMo-2-1124-7B,decoder,bat,R,10,0.0,0.0,0.5,8
allenai_OLMo-2-1124-7B,decoder,crane,L,10,2.2324,0.5019,1.0,7
allenai_OLMo-2-1124-7B,decoder,crane,R,10,0.0004,0.0001,0.5,7
allenai_OLMo-2-1124-7B,decoder,spring,L,10,1.4568,0.241,0.9,7
allenai_OLMo-2-1124-7B,decoder,spring,R,10,0.0,0.0,0.5,7
allenai_OLMo-2-1124-7B,decoder,match,L,10,6.9138,0.4213,1.0,22
allenai_OLMo-2-1124-7B,decoder,match,R,10,-0.0094,-0.0006,0.5,22
allenai_OLMo-2-1124-7B,decoder,pitch,L,10,1.8746,0.3043,1.0,11
allenai_OLMo-2-1124-7B,decoder,pitch,R,10,0.0003,0.0,0.5,11
