model,word,layer,relative_depth,adequacy,mean_margin
answerdotai_ModernBERT-large,bank,1,0.035714,0.9,0.223404
answerdotai_ModernBERT-large,bark,2,0.071429,0.8,0.155436
answerdotai_ModernBERT-large,bat,26,0.928571,0.9,0.210836
answerdotai_ModernBERT-large,bat,27,0.964286,0.9,0.218744
answerdotai_ModernBERT-large,bat,28,1.0,0.9,0.212688
answerdotai_ModernBERT-large,crane,9,0.321429,1.0,0.328571
answerdotai_ModernBERT-large,crane,10,0.357143,1.0,0.317039
answerdotai_ModernBERT-large,crane,12,0.428571,1.0,0.249623
answerdotai_ModernBERT-large,spring,13,0.464286,0.6,0.152287
answerdotai_ModernBERT-large,spring,14,0.5,0.6,0.134746
answerdotai_ModernBERT-large,spring,15,0.535714,0.6,0.143008
answerdotai_ModernBERT-large,spring,16,0.571429,0.6,0.13831
answerdotai_ModernBERT-large,spring,17,0.607143,0.6,0.133967
answerdotai_ModernBERT-large,spring,18,0.642857,0.6,0.124577
answerdotai_ModernBERT-large,spring,19,0.678571,0.6,0.11068
answerdotai_ModernBERT-large,spring,20,0.714286,0.6,0.113548
answerdotai_ModernBERT-large,spring,21,0.75,0.6,0.118772
answerdotai_ModernBERT-large,spring,28,1.0,0.6,0.120667
answerdotai_ModernBERT-large,match,1,0.035714,1.0,0.214254
answerdotai_ModernBERT-large,pitch,9,0.321429,1.0,0.280041
answerdotai_ModernBERT-large,pitch,10,0.357143,1.0,0.287471
answerdotai_ModernBERT-large,pitch,13,0.464286,1.0,0.272928
answerdotai_ModernBERT-large,pitch,14,0.5,1.0,0.263953
answerdotai_ModernBERT-large,pitch,15,0.535714,1.0,0.266228
answerdotai_ModernBERT-large,pitch,16,0.571429,1.0,0.282874
answerdotai_ModernBERT-large,pitch,17,0.607143,1.0,0.287814
answerdotai_ModernBERT-large,pitch,18,0.642857,1.0,0.288298
answerdotai_ModernBERT-large,pitch,19,0.678571,1.0,0.272979
answerdotai_ModernBERT-large,pitch,20,0.714286,1.0,0.289198
answerdotai_ModernBERT-large,pitch,21,0.75,1.0,0.274989
answerdotai_ModernBERT-large,pitch,22,0.785714,1.0,0.266084
answerdotai_ModernBERT-large,pitch,23,0.821429,1.0,0.27596
answerdotai_ModernBERT-large,pitch,24,0.857143,1.0,0.288108
answerdotai_ModernBERT-large,pitch,25,0.892857,1.0,0.310217
answerdotai_ModernBERT-large,pitch,26,0.928571,1.0,0.315894
answerdotai_ModernBERT-large,pitch,27,0.964286,1.0,0.310072
answerdotai_ModernBERT-large,pitch,28,1.0,1.0,0.274525
microsoft_deberta-v3-large,bank,3,0.125,1.0,0.452172
microsoft_deberta-v3-large,bank,4,0.166667,1.0,0.475392
microsoft_deberta-v3-large,bank,5,0.208333,1.0,0.49522
microsoft_deberta-v3-large,bank,6,0.25,1.0,0.486315
microsoft_deberta-v3-large,bank,7,0.291667,1.0,0.506267
microsoft_deberta-v3-large,bank,8,0.333333,1.0,0.502349
microsoft_deberta-v3-large,bank,9,0.375,1.0,0.499267
microsoft_deberta-v3-large,bank,10,0.416667,1.0,0.491667
microsoft_deberta-v3-large,bank,11,0.458333,1.0,0.494097
microsoft_deberta-v3-large,bank,12,0.5,1.0,0.499889
microsoft_deberta-v3-large,bank,13,0.541667,1.0,0.477597
microsoft_deberta-v3-large,bank,14,0.583333,1.0,0.466899
microsoft_deberta-v3-large,bank,15,0.625,1.0,0.451038
microsoft_deberta-v3-large,bank,16,0.666667,1.0,0.417007
microsoft_deberta-v3-large,bank,17,0.708333,1.0,0.387488
microsoft_deberta-v3-large,bank,18,0.75,1.0,0.365226
microsoft_deberta-v3-large,bank,19,0.791667,1.0,0.350144
microsoft_deberta-v3-large,bank,20,0.833333,1.0,0.346195
microsoft_deberta-v3-large,bank,21,0.875,1.0,0.358736
microsoft_deberta-v3-large,bank,22,0.916667,1.0,0.342608
microsoft_deberta-v3-large,bank,23,0.958333,1.0,0.316249
microsoft_deberta-v3-large,bank,24,1.0,1.0,0.252902
microsoft_deberta-v3-large,bark,4,0.166667,0.9,0.289921
microsoft_deberta-v3-large,bark,5,0.208333,0.9,0.325534
microsoft_deberta-v3-large,bark,6,0.25,0.9,0.326753
microsoft_deberta-v3-large,bark,7,0.291667,0.9,0.337198
microsoft_deberta-v3-large,bark,8,0.333333,0.9,0.343895
microsoft_deberta-v3-large,bark,9,0.375,0.9,0.365751
microsoft_deberta-v3-large,bark,10,0.416667,0.9,0.378476
microsoft_deberta-v3-large,bark,11,0.458333,0.9,0.373798
microsoft_deberta-v3-large,bark,12,0.5,0.9,0.360013
microsoft_deberta-v3-large,bark,13,0.541667,0.9,0.349052
microsoft_deberta-v3-large,bark,14,0.583333,0.9,0.343994
microsoft_deberta-v3-large,bark,15,0.625,0.9,0.326772
microsoft_deberta-v3-large,bark,16,0.666667,0.9,0.300968
microsoft_deberta-v3-large,bark,23,0.958333,0.9,0.16889
microsoft_deberta-v3-large,bat,4,0.166667,1.0,0.519977
microsoft_deberta-v3-large,bat,5,0.208333,1.0,0.520239
microsoft_deberta-v3-large,bat,6,0.25,1.0,0.53515
microsoft_deberta-v3-large,bat,7,0.291667,1.0,0.556133
microsoft_deberta-v3-large,bat,8,0.333333,1.0,0.555391
microsoft_deberta-v3-large,bat,9,0.375,1.0,0.557533
microsoft_deberta-v3-large,bat,10,0.416667,1.0,0.558665
microsoft_deberta-v3-large,bat,11,0.458333,1.0,0.540771
microsoft_deberta-v3-large,bat,12,0.5,1.0,0.525422
microsoft_deberta-v3-large,bat,13,0.541667,1.0,0.502576
microsoft_deberta-v3-large,bat,14,0.583333,1.0,0.494443
microsoft_deberta-v3-large,bat,15,0.625,1.0,0.473858
microsoft_deberta-v3-large,bat,16,0.666667,1.0,0.454671
microsoft_deberta-v3-large,bat,17,0.708333,1.0,0.404508
microsoft_deberta-v3-large,bat,18,0.75,1.0,0.353927
microsoft_deberta-v3-large,bat,19,0.791667,1.0,0.327357
microsoft_deberta-v3-large,bat,20,0.833333,1.0,0.306158
microsoft_deberta-v3-large,bat,21,0.875,1.0,0.289346
microsoft_deberta-v3-large,bat,22,0.916667,1.0,0.26009
microsoft_deberta-v3-large,bat,23,0.958333,1.0,0.215986
microsoft_deberta-v3-large,bat,24,1.0,1.0,0.19078
microsoft_deberta-v3-large,crane,3,0.125,1.0,0.415618
microsoft_deberta-v3-large,crane,4,0.166667,1.0,0.53517
microsoft_deberta-v3-large,crane,5,0.208333,1.0,0.578823
microsoft_deberta-v3-large,crane,6,0.25,1.0,0.616268
microsoft_deberta-v3-large,crane,7,0.291667,1.0,0.63632
microsoft_deberta-v3-large,crane,8,0.333333,1.0,0.644488
microsoft_deberta-v3-large,crane,9,0.375,1.0,0.67267
microsoft_deberta-v3-large,crane,10,0.416667,1.0,0.677271
microsoft_deberta-v3-large,crane,11,0.458333,1.0,0.647652
microsoft_deberta-v3-large,crane,12,0.5,1.0,0.628054
microsoft_deberta-v3-large,crane,13,0.541667,1.0,0.602325
microsoft_deberta-v3-large,crane,14,0.583333,1.0,0.581143
microsoft_deberta-v3-large,crane,15,0.625,1.0,0.549501
microsoft_deberta-v3-large,crane,16,0.666667,1.0,0.514282
microsoft_deberta-v3-large,crane,17,0.708333,1.0,0.470878
microsoft_deberta-v3-large,crane,18,0.75,1.0,0.453137
microsoft_deberta-v3-large,crane,19,0.791667,1.0,0.415725
microsoft_deberta-v3-large,crane,20,0.833333,1.0,0.369052
microsoft_deberta-v3-large,crane,21,0.875,1.0,0.360152
microsoft_deberta-v3-large,crane,22,0.916667,1.0,0.332958
microsoft_deberta-v3-large,crane,23,0.958333,1.0,0.27679
microsoft_deberta-v3-large,crane,24,1.0,1.0,0.229564
microsoft_deberta-v3-large,spring,5,0.208333,0.9,0.241562
microsoft_deberta-v3-large,spring,9,0.375,0.9,0.330831
microsoft_deberta-v3-large,spring,10,0.416667,0.9,0.352105
microsoft_deberta-v3-large,spring,11,0.458333,0.9,0.382576
microsoft_deberta-v3-large,spring,12,0.5,0.9,0.38134
microsoft_deberta-v3-large,spring,13,0.541667,0.9,0.356343
microsoft_deberta-v3-large,spring,14,0.583333,0.9,0.357695
microsoft_deberta-v3-large,spring,15,0.625,0.9,0.350727
microsoft_deberta-v3-large,spring,16,0.666667,0.9,0.330429
microsoft_deberta-v3-large,spring,17,0.708333,0.9,0.301604
microsoft_deberta-v3-large,spring,18,0.75,0.9,0.278397
microsoft_deberta-v3-large,spring,19,0.791667,0.9,0.272713
microsoft_deberta-v3-large,spring,20,0.833333,0.9,0.26507
microsoft_deberta-v3-large,spring,21,0.875,0.9,0.261384
microsoft_deberta-v3-large,spring,22,0.916667,0.9,0.248893
microsoft_deberta-v3-large,match,2,0.083333,1.0,0.396819
microsoft_deberta-v3-large,match,3,0.125,1.0,0.486478
microsoft_deberta-v3-large,match,4,0.166667,1.0,0.544687
microsoft_deberta-v3-large,match,5,0.208333,1.0,0.565967
microsoft_deberta-v3-large,match,6,0.25,1.0,0.567357
microsoft_deberta-v3-large,match,7,0.291667,1.0,0.585473
microsoft_deberta-v3-large,match,8,0.333333,1.0,0.609394
microsoft_deberta-v3-large,match,9,0.375,1.0,0.602477
microsoft_deberta-v3-large,match,10,0.416667,1.0,0.622488
microsoft_deberta-v3-large,match,11,0.458333,1.0,0.605785
microsoft_deberta-v3-large,match,12,0.5,1.0,0.595944
microsoft_deberta-v3-large,match,13,0.541667,1.0,0.572571
microsoft_deberta-v3-large,match,14,0.583333,1.0,0.572173
microsoft_deberta-v3-large,match,15,0.625,1.0,0.547953
microsoft_deberta-v3-large,match,16,0.666667,1.0,0.515032
microsoft_deberta-v3-large,match,17,0.708333,1.0,0.482634
microsoft_deberta-v3-large,match,18,0.75,1.0,0.444003
microsoft_deberta-v3-large,match,19,0.791667,1.0,0.426347
microsoft_deberta-v3-large,match,20,0.833333,1.0,0.408406
microsoft_deberta-v3-large,match,21,0.875,1.0,0.41649
microsoft_deberta-v3-large,match,22,0.916667,1.0,0.414625
microsoft_deberta-v3-large,match,23,0.958333,1.0,0.385916
microsoft_deberta-v3-large,pitch,2,0.083333,1.0,0.478894
microsoft_deberta-v3-large,pitch,3,0.125,1.0,0.526941
microsoft_deberta-v3-large,pitch,4,0.166667,1.0,0.487246
microsoft_deberta-v3-large,pitch,5,0.208333,1.0,0.473251
microsoft_deberta-v3-large,pitch,6,0.25,1.0,0.511302
microsoft_deberta-v3-large,pitch,7,0.291667,1.0,0.534819
microsoft_deberta-v3-large,pitch,8,0.333333,1.0,0.540672
microsoft_deberta-v3-large,pitch,9,0.375,1.0,0.529072
microsoft_deberta-v3-large,pitch,18,0.75,1.0,0.341897
microsoft_deberta-v3-large,pitch,19,0.791667,1.0,0.323174
microsoft_deberta-v3-large,pitch,20,0.833333,1.0,0.319633
microsoft_deberta-v3-large,pitch,21,0.875,1.0,0.324187
microsoft_deberta-v3-large,pitch,22,0.916667,1.0,0.321101
microsoft_deberta-v3-large,pitch,23,0.958333,1.0,0.300264
microsoft_deberta-v3-large,pitch,24,1.0,1.0,0.255957
FacebookAI_roberta-large,bank,22,0.916667,1.0,0.415135
FacebookAI_roberta-large,bank,23,0.958333,1.0,0.413882
FacebookAI_roberta-large,bank,24,1.0,1.0,0.361633
FacebookAI_roberta-large,bark,4,0.166667,0.9,0.178102
FacebookAI_roberta-large,bark,5,0.208333,0.9,0.190019
FacebookAI_roberta-large,bark,6,0.25,0.9,0.274597
FacebookAI_roberta-large,bark,7,0.291667,0.9,0.285491
FacebookAI_roberta-large,bark,8,0.333333,0.9,0.282984
FacebookAI_roberta-large,bark,10,0.416667,0.9,0.289518
FacebookAI_roberta-large,bark,15,0.625,0.9,0.31542
FacebookAI_roberta-large,bark,23,0.958333,0.9,0.330491
FacebookAI_roberta-large,bat,4,0.166667,1.0,0.251055
FacebookAI_roberta-large,bat,5,0.208333,1.0,0.355513
FacebookAI_roberta-large,bat,6,0.25,1.0,0.402206
FacebookAI_roberta-large,bat,7,0.291667,1.0,0.43399
FacebookAI_roberta-large,bat,8,0.333333,1.0,0.457622
FacebookAI_roberta-large,bat,9,0.375,1.0,0.47627
FacebookAI_roberta-large,bat,10,0.416667,1.0,0.45993
FacebookAI_roberta-large,bat,11,0.458333,1.0,0.459522
FacebookAI_roberta-large,bat,12,0.5,1.0,0.453471
FacebookAI_roberta-large,bat,13,0.541667,1.0,0.459699
FacebookAI_roberta-large,bat,14,0.583333,1.0,0.494198
FacebookAI_roberta-large,bat,15,0.625,1.0,0.501066
FacebookAI_roberta-large,bat,16,0.666667,1.0,0.501908
FacebookAI_roberta-large,bat,17,0.708333,1.0,0.505812
FacebookAI_roberta-large,bat,18,0.75,1.0,0.504717
FacebookAI_roberta-large,bat,19,0.791667,1.0,0.509624
FacebookAI_roberta-large,bat,20,0.833333,1.0,0.479286
FacebookAI_roberta-large,bat,21,0.875,1.0,0.477298
FacebookAI_roberta-large,bat,22,0.916667,1.0,0.459834
FacebookAI_roberta-large,bat,23,0.958333,1.0,0.456493
FacebookAI_roberta-large,bat,24,1.0,1.0,0.432999
FacebookAI_roberta-large,crane,6,0.25,1.0,0.271149
FacebookAI_roberta-large,crane,7,0.291667,1.0,0.314462
FacebookAI_roberta-large,crane,8,0.333333,1.0,0.406023
FacebookAI_roberta-large,crane,9,0.375,1.0,0.430044
FacebookAI_roberta-large,crane,10,0.416667,1.0,0.403917
FacebookAI_roberta-large,crane,11,0.458333,1.0,0.451041
FacebookAI_roberta-large,crane,12,0.5,1.0,0.449509
FacebookAI_roberta-large,crane,13,0.541667,1.0,0.486993
FacebookAI_roberta-large,crane,14,0.583333,1.0,0.52954
FacebookAI_roberta-large,crane,15,0.625,1.0,0.555916
FacebookAI_roberta-large,crane,16,0.666667,1.0,0.548168
FacebookAI_roberta-large,crane,17,0.708333,1.0,0.54877
FacebookAI_roberta-large,crane,18,0.75,1.0,0.530242
FacebookAI_roberta-large,crane,19,0.791667,1.0,0.525271
FacebookAI_roberta-large,crane,20,0.833333,1.0,0.50905
FacebookAI_roberta-large,crane,21,0.875,1.0,0.50362
FacebookAI_roberta-large,crane,22,0.916667,1.0,0.496362
FacebookAI_roberta-large,crane,23,0.958333,1.0,0.488445
FacebookAI_roberta-large,crane,24,1.0,1.0,0.464654
FacebookAI_roberta-large,spring,17,0.708333,1.0,0.362234
FacebookAI_roberta-large,spring,18,0.75,1.0,0.362427
FacebookAI_roberta-large,spring,19,0.791667,1.0,0.359449
FacebookAI_roberta-large,match,1,0.041667,1.0,0.193846
FacebookAI_roberta-large,match,2,0.083333,1.0,0.229971
FacebookAI_roberta-large,match,3,0.125,1.0,0.238831
FacebookAI_roberta-large,match,4,0.166667,1.0,0.286071
FacebookAI_roberta-large,match,5,0.208333,1.0,0.310591
FacebookAI_roberta-large,match,6,0.25,1.0,0.336582
FacebookAI_roberta-large,match,7,0.291667,1.0,0.371001
FacebookAI_roberta-large,match,8,0.333333,1.0,0.405226
FacebookAI_roberta-large,pitch,3,0.125,1.0,0.164892
FacebookAI_roberta-large,pitch,4,0.166667,1.0,0.218835
FacebookAI_roberta-large,pitch,18,0.75,1.0,0.401472
FacebookAI_xlm-roberta-large,bank,4,0.166667,0.9,0.199252
FacebookAI_xlm-roberta-large,bank,5,0.208333,0.9,0.249317
FacebookAI_xlm-roberta-large,bank,6,0.25,0.9,0.26109
FacebookAI_xlm-roberta-large,bank,10,0.416667,0.9,0.240116
FacebookAI_xlm-roberta-large,bank,12,0.5,0.9,0.292969
FacebookAI_xlm-roberta-large,bank,13,0.541667,0.9,0.287931
FacebookAI_xlm-roberta-large,bank,14,0.583333,0.9,0.301689
FacebookAI_xlm-roberta-large,bank,16,0.666667,0.9,0.296047
FacebookAI_xlm-roberta-large,bank,17,0.708333,0.9,0.274268
FacebookAI_xlm-roberta-large,bank,18,0.75,0.9,0.263565
FacebookAI_xlm-roberta-large,bank,19,0.791667,0.9,0.264847
FacebookAI_xlm-roberta-large,bank,20,0.833333,0.9,0.289372
FacebookAI_xlm-roberta-large,bank,22,0.916667,0.9,0.339574
FacebookAI_xlm-roberta-large,bark,17,0.708333,0.8,0.162568
FacebookAI_xlm-roberta-large,bark,18,0.75,0.8,0.177586
FacebookAI_xlm-roberta-large,bark,19,0.791667,0.8,0.210995
FacebookAI_xlm-roberta-large,bark,20,0.833333,0.8,0.230409
FacebookAI_xlm-roberta-large,bark,21,0.875,0.8,0.24996
FacebookAI_xlm-roberta-large,bark,22,0.916667,0.8,0.207583
FacebookAI_xlm-roberta-large,bat,8,0.333333,0.8,0.21261
FacebookAI_xlm-roberta-large,bat,11,0.458333,0.8,0.242858
FacebookAI_xlm-roberta-large,bat,12,0.5,0.8,0.248177
FacebookAI_xlm-roberta-large,bat,13,0.541667,0.8,0.243525
FacebookAI_xlm-roberta-large,bat,14,0.583333,0.8,0.241679
FacebookAI_xlm-roberta-large,bat,15,0.625,0.8,0.232602
FacebookAI_xlm-roberta-large,bat,16,0.666667,0.8,0.224574
FacebookAI_xlm-roberta-large,bat,17,0.708333,0.8,0.204762
FacebookAI_xlm-roberta-large,bat,18,0.75,0.8,0.213928
FacebookAI_xlm-roberta-large,bat,19,0.791667,0.8,0.251577
FacebookAI_xlm-roberta-large,bat,20,0.833333,0.8,0.25073
FacebookAI_xlm-roberta-large,bat,21,0.875,0.8,0.291137
FacebookAI_xlm-roberta-large,bat,22,0.916667,0.8,0.281959
FacebookAI_xlm-roberta-large,bat,23,0.958333,0.8,0.302332
FacebookAI_xlm-roberta-large,bat,24,1.0,0.8,0.314214
FacebookAI_xlm-roberta-large,crane,24,1.0,1.0,0.4142
FacebookAI_xlm-roberta-large,spring,15,0.625,0.8,0.104835
FacebookAI_xlm-roberta-large,match,19,0.791667,0.9,0.307018
FacebookAI_xlm-roberta-large,match,24,1.0,0.9,0.401084
FacebookAI_xlm-roberta-large,pitch,12,0.5,1.0,0.326743
FacebookAI_xlm-roberta-large,pitch,13,0.541667,1.0,0.340427
FacebookAI_xlm-roberta-large,pitch,14,0.583333,1.0,0.386374
FacebookAI_xlm-roberta-large,pitch,15,0.625,1.0,0.413065
FacebookAI_xlm-roberta-large,pitch,16,0.666667,1.0,0.403023
FacebookAI_xlm-roberta-large,pitch,17,0.708333,1.0,0.367336
FacebookAI_xlm-roberta-large,pitch,18,0.75,1.0,0.392067
FacebookAI_xlm-roberta-large,pitch,19,0.791667,1.0,0.418694
FacebookAI_xlm-roberta-large,pitch,20,0.833333,1.0,0.470143
FacebookAI_xlm-roberta-large,pitch,21,0.875,1.0,0.525551
FacebookAI_xlm-roberta-large,pitch,22,0.916667,1.0,0.527558
FacebookAI_xlm-roberta-large,pitch,23,0.958333,1.0,0.528802
FacebookAI_xlm-roberta-large,pitch,24,1.0,1.0,0.500098
Qwen_Qwen2.5-3B,bank,4,0.111111,1.0,0.251973
Qwen_Qwen2.5-3B,bank,5,0.138889,1.0,0.215784
Qwen_Qwen2.5-3B,bank,6,0.166667,1.0,0.249873
Qwen_Qwen2.5-3B,bank,13,0.361111,1.0,0.370696
Qwen_Qwen2.5-3B,bank,14,0.388889,1.0,0.396471
Qwen_Qwen2.5-3B,bank,15,0.416667,1.0,0.376496
Qwen_Qwen2.5-3B,bank,16,0.444444,1.0,0.393823
Qwen_Qwen2.5-3B,bank,17,0.472222,1.0,0.378587
Qwen_Qwen2.5-3B,bank,18,0.5,1.0,0.380162
Qwen_Qwen2.5-3B,bank,19,0.527778,1.0,0.359919
Qwen_Qwen2.5-3B,bank,20,0.555556,1.0,0.346281
Qwen_Qwen2.5-3B,bank,21,0.583333,1.0,0.366489
Qwen_Qwen2.5-3B,bank,22,0.611111,1.0,0.351523
Qwen_Qwen2.5-3B,bank,23,0.638889,1.0,0.352063
Qwen_Qwen2.5-3B,bank,24,0.666667,1.0,0.346512
Qwen_Qwen2.5-3B,bank,25,0.694444,1.0,0.315942
Qwen_Qwen2.5-3B,bank,26,0.722222,1.0,0.327492
Qwen_Qwen2.5-3B,bank,27,0.75,1.0,0.338517
Qwen_Qwen2.5-3B,bank,28,0.777778,1.0,0.333255
Qwen_Qwen2.5-3B,bank,29,0.805556,1.0,0.308071
Qwen_Qwen2.5-3B,bank,30,0.833333,1.0,0.274271
Qwen_Qwen2.5-3B,bank,31,0.861111,1.0,0.274038
Qwen_Qwen2.5-3B,bank,32,0.888889,1.0,0.255531
Qwen_Qwen2.5-3B,bank,33,0.916667,1.0,0.251924
Qwen_Qwen2.5-3B,bank,34,0.944444,1.0,0.226552
Qwen_Qwen2.5-3B,bank,35,0.972222,1.0,0.206812
Qwen_Qwen2.5-3B,bank,36,1.0,1.0,0.22761
Qwen_Qwen2.5-3B,bark,12,0.333333,1.0,0.350091
Qwen_Qwen2.5-3B,bark,13,0.361111,1.0,0.420431
Qwen_Qwen2.5-3B,bark,14,0.388889,1.0,0.435597
Qwen_Qwen2.5-3B,bark,15,0.416667,1.0,0.408383
Qwen_Qwen2.5-3B,bark,16,0.444444,1.0,0.412636
Qwen_Qwen2.5-3B,bark,17,0.472222,1.0,0.387631
Qwen_Qwen2.5-3B,bark,18,0.5,1.0,0.375747
Qwen_Qwen2.5-3B,bark,19,0.527778,1.0,0.35919
Qwen_Qwen2.5-3B,bark,20,0.555556,1.0,0.352095
Qwen_Qwen2.5-3B,bark,21,0.583333,1.0,0.362963
Qwen_Qwen2.5-3B,bark,22,0.611111,1.0,0.362944
Qwen_Qwen2.5-3B,bark,23,0.638889,1.0,0.358662
Qwen_Qwen2.5-3B,bark,24,0.666667,1.0,0.340762
Qwen_Qwen2.5-3B,bark,25,0.694444,1.0,0.322659
Qwen_Qwen2.5-3B,bark,26,0.722222,1.0,0.342646
Qwen_Qwen2.5-3B,bark,27,0.75,1.0,0.347381
Qwen_Qwen2.5-3B,bark,28,0.777778,1.0,0.344774
Qwen_Qwen2.5-3B,bark,29,0.805556,1.0,0.332896
Qwen_Qwen2.5-3B,bark,30,0.833333,1.0,0.326274
Qwen_Qwen2.5-3B,bark,31,0.861111,1.0,0.321216
Qwen_Qwen2.5-3B,bark,32,0.888889,1.0,0.330448
Qwen_Qwen2.5-3B,bark,33,0.916667,1.0,0.333009
Qwen_Qwen2.5-3B,bark,34,0.944444,1.0,0.314603
Qwen_Qwen2.5-3B,bark,35,0.972222,1.0,0.294489
Qwen_Qwen2.5-3B,bark,36,1.0,1.0,0.28578
Qwen_Qwen2.5-3B,bat,31,0.861111,0.9,0.215648
Qwen_Qwen2.5-3B,bat,32,0.888889,0.9,0.224005
Qwen_Qwen2.5-3B,bat,33,0.916667,0.9,0.218337
Qwen_Qwen2.5-3B,bat,34,0.944444,0.9,0.20162
Qwen_Qwen2.5-3B,crane,31,0.861111,1.0,0.395148
Qwen_Qwen2.5-3B,crane,32,0.888889,1.0,0.457368
Qwen_Qwen2.5-3B,crane,33,0.916667,1.0,0.454316
Qwen_Qwen2.5-3B,crane,34,0.944444,1.0,0.429729
Qwen_Qwen2.5-3B,crane,35,0.972222,1.0,0.401225
Qwen_Qwen2.5-3B,crane,36,1.0,1.0,0.354427
Qwen_Qwen2.5-3B,spring,31,0.861111,0.6,0.119501
Qwen_Qwen2.5-3B,spring,32,0.888889,0.6,0.130057
Qwen_Qwen2.5-3B,spring,33,0.916667,0.6,0.137632
Qwen_Qwen2.5-3B,spring,34,0.944444,0.6,0.132086
Qwen_Qwen2.5-3B,spring,35,0.972222,0.6,0.119279
Qwen_Qwen2.5-3B,match,2,0.055556,1.0,0.202646
Qwen_Qwen2.5-3B,match,3,0.083333,1.0,0.208266
Qwen_Qwen2.5-3B,match,4,0.111111,1.0,0.244983
Qwen_Qwen2.5-3B,match,5,0.138889,1.0,0.207138
Qwen_Qwen2.5-3B,match,6,0.166667,1.0,0.235736
Qwen_Qwen2.5-3B,match,7,0.194444,1.0,0.287309
Qwen_Qwen2.5-3B,match,8,0.222222,1.0,0.289046
Qwen_Qwen2.5-3B,match,9,0.25,1.0,0.302191
Qwen_Qwen2.5-3B,match,10,0.277778,1.0,0.349279
Qwen_Qwen2.5-3B,match,11,0.305556,1.0,0.508615
Qwen_Qwen2.5-3B,match,12,0.333333,1.0,0.518953
Qwen_Qwen2.5-3B,match,13,0.361111,1.0,0.54823
Qwen_Qwen2.5-3B,match,14,0.388889,1.0,0.561364
Qwen_Qwen2.5-3B,match,15,0.416667,1.0,0.582392
Qwen_Qwen2.5-3B,match,16,0.444444,1.0,0.581579
Qwen_Qwen2.5-3B,match,17,0.472222,1.0,0.548696
Qwen_Qwen2.5-3B,match,18,0.5,1.0,0.527988
Qwen_Qwen2.5-3B,match,19,0.527778,1.0,0.521563
Qwen_Qwen2.5-3B,match,20,0.555556,1.0,0.511932
Qwen_Qwen2.5-3B,match,21,0.583333,1.0,0.516699
Qwen_Qwen2.5-3B,match,22,0.611111,1.0,0.508224
Qwen_Qwen2.5-3B,match,23,0.638889,1.0,0.490203
Qwen_Qwen2.5-3B,match,24,0.666667,1.0,0.473432
Qwen_Qwen2.5-3B,match,25,0.694444,1.0,0.443009
Qwen_Qwen2.5-3B,match,26,0.722222,1.0,0.442367
Qwen_Qwen2.5-3B,match,27,0.75,1.0,0.432565
Qwen_Qwen2.5-3B,match,28,0.777778,1.0,0.43389
Qwen_Qwen2.5-3B,match,29,0.805556,1.0,0.410285
Qwen_Qwen2.5-3B,match,30,0.833333,1.0,0.381735
Qwen_Qwen2.5-3B,match,31,0.861111,1.0,0.357555
Qwen_Qwen2.5-3B,match,32,0.888889,1.0,0.371048
Qwen_Qwen2.5-3B,match,33,0.916667,1.0,0.380502
Qwen_Qwen2.5-3B,match,34,0.944444,1.0,0.364762
Qwen_Qwen2.5-3B,match,35,0.972222,1.0,0.341592
Qwen_Qwen2.5-3B,match,36,1.0,1.0,0.319351
Qwen_Qwen2.5-3B,pitch,13,0.361111,1.0,0.27604
Qwen_Qwen2.5-3B,pitch,14,0.388889,1.0,0.333659
Qwen_Qwen2.5-3B,pitch,15,0.416667,1.0,0.327145
Qwen_Qwen2.5-3B,pitch,16,0.444444,1.0,0.323046
Qwen_Qwen2.5-3B,pitch,17,0.472222,1.0,0.320033
Qwen_Qwen2.5-3B,pitch,18,0.5,1.0,0.316162
Qwen_Qwen2.5-3B,pitch,19,0.527778,1.0,0.306732
Qwen_Qwen2.5-3B,pitch,20,0.555556,1.0,0.309676
Qwen_Qwen2.5-3B,pitch,21,0.583333,1.0,0.294809
Qwen_Qwen2.5-3B,pitch,22,0.611111,1.0,0.284593
Qwen_Qwen2.5-3B,pitch,23,0.638889,1.0,0.266963
Qwen_Qwen2.5-3B,pitch,24,0.666667,1.0,0.261005
Qwen_Qwen2.5-3B,pitch,25,0.694444,1.0,0.237513
Qwen_Qwen2.5-3B,pitch,26,0.722222,1.0,0.245425
Qwen_Qwen2.5-3B,pitch,27,0.75,1.0,0.229828
Qwen_Qwen2.5-3B,pitch,28,0.777778,1.0,0.238071
Qwen_Qwen2.5-3B,pitch,29,0.805556,1.0,0.229001
Qwen_Qwen2.5-3B,pitch,30,0.833333,1.0,0.219078
Qwen_Qwen2.5-3B,pitch,31,0.861111,1.0,0.220416
Qwen_Qwen2.5-3B,pitch,32,0.888889,1.0,0.206233
Qwen_Qwen2.5-3B,pitch,33,0.916667,1.0,0.211612
Qwen_Qwen2.5-3B,pitch,34,0.944444,1.0,0.20206
Qwen_Qwen2.5-7B,bank,2,0.071429,1.0,0.261955
Qwen_Qwen2.5-7B,bank,28,1.0,1.0,0.22602
Qwen_Qwen2.5-7B,bark,28,1.0,1.0,0.2798
Qwen_Qwen2.5-7B,bat,3,0.107143,0.8,0.2178
Qwen_Qwen2.5-7B,crane,28,1.0,1.0,0.349622
Qwen_Qwen2.5-7B,spring,1,0.035714,0.6,0.035685
Qwen_Qwen2.5-7B,match,1,0.035714,1.0,0.181752
Qwen_Qwen2.5-7B,match,3,0.107143,1.0,0.240649
Qwen_Qwen2.5-7B,match,25,0.892857,1.0,0.023388
Qwen_Qwen2.5-7B,match,27,0.964286,1.0,0.102645
Qwen_Qwen2.5-7B,match,28,1.0,1.0,0.298716
Qwen_Qwen2.5-7B,pitch,28,1.0,0.9,0.165622
mistralai_Mistral-Nemo-Base-2407,bank,3,0.075,1.0,0.300126
mistralai_Mistral-Nemo-Base-2407,bank,4,0.1,1.0,0.410589
mistralai_Mistral-Nemo-Base-2407,bank,5,0.125,1.0,0.393229
mistralai_Mistral-Nemo-Base-2407,bank,6,0.15,1.0,0.392446
mistralai_Mistral-Nemo-Base-2407,bank,7,0.175,1.0,0.421928
mistralai_Mistral-Nemo-Base-2407,bank,8,0.2,1.0,0.403015
mistralai_Mistral-Nemo-Base-2407,bank,9,0.225,1.0,0.38112
mistralai_Mistral-Nemo-Base-2407,bank,10,0.25,1.0,0.374616
mistralai_Mistral-Nemo-Base-2407,bank,11,0.275,1.0,0.373668
mistralai_Mistral-Nemo-Base-2407,bank,12,0.3,1.0,0.373778
mistralai_Mistral-Nemo-Base-2407,bank,13,0.325,1.0,0.368068
mistralai_Mistral-Nemo-Base-2407,bank,14,0.35,1.0,0.345774
mistralai_Mistral-Nemo-Base-2407,bank,15,0.375,1.0,0.342469
mistralai_Mistral-Nemo-Base-2407,bank,16,0.4,1.0,0.341354
mistralai_Mistral-Nemo-Base-2407,bank,17,0.425,1.0,0.334499
mistralai_Mistral-Nemo-Base-2407,bank,18,0.45,1.0,0.331366
mistralai_Mistral-Nemo-Base-2407,bank,19,0.475,1.0,0.325313
mistralai_Mistral-Nemo-Base-2407,bank,20,0.5,1.0,0.316644
mistralai_Mistral-Nemo-Base-2407,bank,21,0.525,1.0,0.328821
mistralai_Mistral-Nemo-Base-2407,bank,22,0.55,1.0,0.321439
mistralai_Mistral-Nemo-Base-2407,bank,23,0.575,1.0,0.319975
mistralai_Mistral-Nemo-Base-2407,bank,24,0.6,1.0,0.324597
mistralai_Mistral-Nemo-Base-2407,bank,25,0.625,1.0,0.313224
mistralai_Mistral-Nemo-Base-2407,bank,26,0.65,1.0,0.309736
mistralai_Mistral-Nemo-Base-2407,bank,27,0.675,1.0,0.303496
mistralai_Mistral-Nemo-Base-2407,bank,28,0.7,1.0,0.308586
mistralai_Mistral-Nemo-Base-2407,bank,29,0.725,1.0,0.305335
mistralai_Mistral-Nemo-Base-2407,bank,30,0.75,1.0,0.29752
mistralai_Mistral-Nemo-Base-2407,bank,31,0.775,1.0,0.294235
mistralai_Mistral-Nemo-Base-2407,bank,32,0.8,1.0,0.285881
mistralai_Mistral-Nemo-Base-2407,bank,33,0.825,1.0,0.277503
mistralai_Mistral-Nemo-Base-2407,bank,34,0.85,1.0,0.271749
mistralai_Mistral-Nemo-Base-2407,bank,35,0.875,1.0,0.265456
mistralai_Mistral-Nemo-Base-2407,bank,36,0.9,1.0,0.262807
mistralai_Mistral-Nemo-Base-2407,bank,37,0.925,1.0,0.2539
mistralai_Mistral-Nemo-Base-2407,bank,38,0.95,1.0,0.239889
mistralai_Mistral-Nemo-Base-2407,bank,39,0.975,1.0,0.237307
mistralai_Mistral-Nemo-Base-2407,bank,40,1.0,1.0,0.277382
mistralai_Mistral-Nemo-Base-2407,bark,15,0.375,1.0,0.351536
mistralai_Mistral-Nemo-Base-2407,bark,16,0.4,1.0,0.34622
mistralai_Mistral-Nemo-Base-2407,bark,17,0.425,1.0,0.326804
mistralai_Mistral-Nemo-Base-2407,bark,18,0.45,1.0,0.327622
mistralai_Mistral-Nemo-Base-2407,bark,19,0.475,1.0,0.344836
mistralai_Mistral-Nemo-Base-2407,bark,20,0.5,1.0,0.350024
mistralai_Mistral-Nemo-Base-2407,bark,21,0.525,1.0,0.346982
mistralai_Mistral-Nemo-Base-2407,bark,22,0.55,1.0,0.344389
mistralai_Mistral-Nemo-Base-2407,bark,23,0.575,1.0,0.351552
mistralai_Mistral-Nemo-Base-2407,bark,24,0.6,1.0,0.359863
mistralai_Mistral-Nemo-Base-2407,bark,25,0.625,1.0,0.368127
mistralai_Mistral-Nemo-Base-2407,bark,26,0.65,1.0,0.361754
mistralai_Mistral-Nemo-Base-2407,bark,27,0.675,1.0,0.377556
mistralai_Mistral-Nemo-Base-2407,bark,28,0.7,1.0,0.379338
mistralai_Mistral-Nemo-Base-2407,bark,29,0.725,1.0,0.37638
mistralai_Mistral-Nemo-Base-2407,bark,30,0.75,1.0,0.377663
mistralai_Mistral-Nemo-Base-2407,bark,31,0.775,1.0,0.374264
mistralai_Mistral-Nemo-Base-2407,bark,32,0.8,1.0,0.36166
mistralai_Mistral-Nemo-Base-2407,bark,33,0.825,1.0,0.35739
mistralai_Mistral-Nemo-Base-2407,bark,34,0.85,1.0,0.342389
mistralai_Mistral-Nemo-Base-2407,bark,35,0.875,1.0,0.336501
mistralai_Mistral-Nemo-Base-2407,bark,36,0.9,1.0,0.329389
mistralai_Mistral-Nemo-Base-2407,bark,37,0.925,1.0,0.317859
mistralai_Mistral-Nemo-Base-2407,bat,5,0.125,1.0,0.432636
mistralai_Mistral-Nemo-Base-2407,bat,6,0.15,1.0,0.460037
mistralai_Mistral-Nemo-Base-2407,bat,7,0.175,1.0,0.527891
mistralai_Mistral-Nemo-Base-2407,bat,8,0.2,1.0,0.509316
mistralai_Mistral-Nemo-Base-2407,bat,9,0.225,1.0,0.484595
mistralai_Mistral-Nemo-Base-2407,bat,10,0.25,1.0,0.463704
mistralai_Mistral-Nemo-Base-2407,bat,11,0.275,1.0,0.443309
mistralai_Mistral-Nemo-Base-2407,bat,12,0.3,1.0,0.463913
mistralai_Mistral-Nemo-Base-2407,bat,13,0.325,1.0,0.423977
mistralai_Mistral-Nemo-Base-2407,bat,14,0.35,1.0,0.401028
mistralai_Mistral-Nemo-Base-2407,bat,15,0.375,1.0,0.38135
mistralai_Mistral-Nemo-Base-2407,bat,16,0.4,1.0,0.371332
mistralai_Mistral-Nemo-Base-2407,bat,17,0.425,1.0,0.346694
mistralai_Mistral-Nemo-Base-2407,bat,18,0.45,1.0,0.33579
mistralai_Mistral-Nemo-Base-2407,bat,19,0.475,1.0,0.324473
mistralai_Mistral-Nemo-Base-2407,bat,20,0.5,1.0,0.338179
mistralai_Mistral-Nemo-Base-2407,bat,21,0.525,1.0,0.373216
mistralai_Mistral-Nemo-Base-2407,bat,22,0.55,1.0,0.350265
mistralai_Mistral-Nemo-Base-2407,bat,23,0.575,1.0,0.350859
mistralai_Mistral-Nemo-Base-2407,bat,24,0.6,1.0,0.355384
mistralai_Mistral-Nemo-Base-2407,bat,25,0.625,1.0,0.340394
mistralai_Mistral-Nemo-Base-2407,bat,26,0.65,1.0,0.341686
mistralai_Mistral-Nemo-Base-2407,bat,27,0.675,1.0,0.341185
mistralai_Mistral-Nemo-Base-2407,bat,28,0.7,1.0,0.339257
mistralai_Mistral-Nemo-Base-2407,bat,29,0.725,1.0,0.34293
mistralai_Mistral-Nemo-Base-2407,bat,30,0.75,1.0,0.33747
mistralai_Mistral-Nemo-Base-2407,bat,31,0.775,1.0,0.330826
mistralai_Mistral-Nemo-Base-2407,bat,32,0.8,1.0,0.315011
mistralai_Mistral-Nemo-Base-2407,bat,33,0.825,1.0,0.304689
mistralai_Mistral-Nemo-Base-2407,bat,34,0.85,1.0,0.29359
mistralai_Mistral-Nemo-Base-2407,bat,35,0.875,1.0,0.283901
mistralai_Mistral-Nemo-Base-2407,bat,36,0.9,1.0,0.268079
mistralai_Mistral-Nemo-Base-2407,bat,37,0.925,1.0,0.260119
mistralai_Mistral-Nemo-Base-2407,bat,38,0.95,1.0,0.243932
mistralai_Mistral-Nemo-Base-2407,crane,4,0.1,1.0,0.38673
mistralai_Mistral-Nemo-Base-2407,crane,5,0.125,1.0,0.522893
mistralai_Mistral-Nemo-Base-2407,crane,6,0.15,1.0,0.546736
mistralai_Mistral-Nemo-Base-2407,crane,7,0.175,1.0,0.573516
mistralai_Mistral-Nemo-Base-2407,crane,8,0.2,1.0,0.561364
mistralai_Mistral-Nemo-Base-2407,crane,9,0.225,1.0,0.549376
mistralai_Mistral-Nemo-Base-2407,crane,10,0.25,1.0,0.533074
mistralai_Mistral-Nemo-Base-2407,crane,11,0.275,1.0,0.508778
mistralai_Mistral-Nemo-Base-2407,crane,12,0.3,1.0,0.525882
mistralai_Mistral-Nemo-Base-2407,crane,13,0.325,1.0,0.518691
mistralai_Mistral-Nemo-Base-2407,crane,14,0.35,1.0,0.487281
mistralai_Mistral-Nemo-Base-2407,crane,15,0.375,1.0,0.466691
mistralai_Mistral-Nemo-Base-2407,crane,16,0.4,1.0,0.446408
mistralai_Mistral-Nemo-Base-2407,crane,17,0.425,1.0,0.415676
mistralai_Mistral-Nemo-Base-2407,crane,18,0.45,1.0,0.406957
mistralai_Mistral-Nemo-Base-2407,crane,19,0.475,1.0,0.404377
mistralai_Mistral-Nemo-Base-2407,crane,20,0.5,1.0,0.426429
mistralai_Mistral-Nemo-Base-2407,crane,21,0.525,1.0,0.410955
mistralai_Mistral-Nemo-Base-2407,crane,22,0.55,1.0,0.433126
mistralai_Mistral-Nemo-Base-2407,crane,23,0.575,1.0,0.428424
mistralai_Mistral-Nemo-Base-2407,crane,24,0.6,1.0,0.428314
mistralai_Mistral-Nemo-Base-2407,crane,25,0.625,1.0,0.435531
mistralai_Mistral-Nemo-Base-2407,crane,26,0.65,1.0,0.436661
mistralai_Mistral-Nemo-Base-2407,crane,27,0.675,1.0,0.463582
mistralai_Mistral-Nemo-Base-2407,crane,28,0.7,1.0,0.458297
mistralai_Mistral-Nemo-Base-2407,crane,29,0.725,1.0,0.457619
mistralai_Mistral-Nemo-Base-2407,crane,30,0.75,1.0,0.470436
mistralai_Mistral-Nemo-Base-2407,crane,31,0.775,1.0,0.467318
mistralai_Mistral-Nemo-Base-2407,crane,32,0.8,1.0,0.453184
mistralai_Mistral-Nemo-Base-2407,crane,33,0.825,1.0,0.45578
mistralai_Mistral-Nemo-Base-2407,crane,34,0.85,1.0,0.437977
mistralai_Mistral-Nemo-Base-2407,crane,35,0.875,1.0,0.434798
mistralai_Mistral-Nemo-Base-2407,crane,36,0.9,1.0,0.421508
mistralai_Mistral-Nemo-Base-2407,crane,37,0.925,1.0,0.410961
mistralai_Mistral-Nemo-Base-2407,crane,38,0.95,1.0,0.39305
mistralai_Mistral-Nemo-Base-2407,crane,39,0.975,1.0,0.391905
mistralai_Mistral-Nemo-Base-2407,crane,40,1.0,1.0,0.357168
mistralai_Mistral-Nemo-Base-2407,spring,12,0.3,0.7,0.163886
mistralai_Mistral-Nemo-Base-2407,match,2,0.05,1.0,0.214183
mistralai_Mistral-Nemo-Base-2407,match,3,0.075,1.0,0.293311
mistralai_Mistral-Nemo-Base-2407,match,4,0.1,1.0,0.381837
mistralai_Mistral-Nemo-Base-2407,match,5,0.125,1.0,0.49885
mistralai_Mistral-Nemo-Base-2407,match,6,0.15,1.0,0.488475
mistralai_Mistral-Nemo-Base-2407,match,7,0.175,1.0,0.505441
mistralai_Mistral-Nemo-Base-2407,match,8,0.2,1.0,0.485956
mistralai_Mistral-Nemo-Base-2407,match,9,0.225,1.0,0.462563
mistralai_Mistral-Nemo-Base-2407,match,10,0.25,1.0,0.44093
mistralai_Mistral-Nemo-Base-2407,match,11,0.275,1.0,0.430188
mistralai_Mistral-Nemo-Base-2407,match,12,0.3,1.0,0.415611
mistralai_Mistral-Nemo-Base-2407,match,13,0.325,1.0,0.404578
mistralai_Mistral-Nemo-Base-2407,match,14,0.35,1.0,0.387967
mistralai_Mistral-Nemo-Base-2407,match,15,0.375,1.0,0.37887
mistralai_Mistral-Nemo-Base-2407,match,16,0.4,1.0,0.36111
mistralai_Mistral-Nemo-Base-2407,match,17,0.425,1.0,0.347635
mistralai_Mistral-Nemo-Base-2407,match,18,0.45,1.0,0.332224
mistralai_Mistral-Nemo-Base-2407,match,19,0.475,1.0,0.335445
mistralai_Mistral-Nemo-Base-2407,match,20,0.5,1.0,0.384075
mistralai_Mistral-Nemo-Base-2407,match,21,0.525,1.0,0.359498
mistralai_Mistral-Nemo-Base-2407,match,22,0.55,1.0,0.348049
mistralai_Mistral-Nemo-Base-2407,match,23,0.575,1.0,0.345897
mistralai_Mistral-Nemo-Base-2407,match,24,0.6,1.0,0.373111
mistralai_Mistral-Nemo-Base-2407,match,25,0.625,1.0,0.383497
mistralai_Mistral-Nemo-Base-2407,match,26,0.65,1.0,0.37516
mistralai_Mistral-Nemo-Base-2407,match,27,0.675,1.0,0.363312
mistralai_Mistral-Nemo-Base-2407,match,28,0.7,1.0,0.363834
mistralai_Mistral-Nemo-Base-2407,match,29,0.725,1.0,0.354005
mistralai_Mistral-Nemo-Base-2407,match,30,0.75,1.0,0.351093
mistralai_Mistral-Nemo-Base-2407,match,31,0.775,1.0,0.355994
mistralai_Mistral-Nemo-Base-2407,match,32,0.8,1.0,0.343003
mistralai_Mistral-Nemo-Base-2407,match,33,0.825,1.0,0.335933
mistralai_Mistral-Nemo-Base-2407,match,34,0.85,1.0,0.325712
mistralai_Mistral-Nemo-Base-2407,match,35,0.875,1.0,0.322702
mistralai_Mistral-Nemo-Base-2407,match,36,0.9,1.0,0.313018
mistralai_Mistral-Nemo-Base-2407,match,37,0.925,1.0,0.300984
mistralai_Mistral-Nemo-Base-2407,match,38,0.95,1.0,0.289308
mistralai_Mistral-Nemo-Base-2407,match,39,0.975,1.0,0.278502
mistralai_Mistral-Nemo-Base-2407,match,40,1.0,1.0,0.257349
mistralai_Mistral-Nemo-Base-2407,pitch,5,0.125,1.0,0.346509
mistralai_Mistral-Nemo-Base-2407,pitch,6,0.15,1.0,0.338988
mistralai_Mistral-Nemo-Base-2407,pitch,7,0.175,1.0,0.363038
mistralai_Mistral-Nemo-Base-2407,pitch,8,0.2,1.0,0.354828
mistralai_Mistral-Nemo-Base-2407,pitch,9,0.225,1.0,0.337607
mistralai_Mistral-Nemo-Base-2407,pitch,10,0.25,1.0,0.324438
mistralai_Mistral-Nemo-Base-2407,pitch,11,0.275,1.0,0.324992
mistralai_Mistral-Nemo-Base-2407,pitch,12,0.3,1.0,0.349522
mistralai_Mistral-Nemo-Base-2407,pitch,13,0.325,1.0,0.354045
mistralai_Mistral-Nemo-Base-2407,pitch,14,0.35,1.0,0.340315
mistralai_Mistral-Nemo-Base-2407,pitch,15,0.375,1.0,0.321109
mistralai_Mistral-Nemo-Base-2407,pitch,16,0.4,1.0,0.313427
mistralai_Mistral-Nemo-Base-2407,pitch,17,0.425,1.0,0.296144
mistralai_Mistral-Nemo-Base-2407,pitch,18,0.45,1.0,0.302208
mistralai_Mistral-Nemo-Base-2407,pitch,19,0.475,1.0,0.302659
mistralai_Mistral-Nemo-Base-2407,pitch,20,0.5,1.0,0.316433
mistralai_Mistral-Nemo-Base-2407,pitch,21,0.525,1.0,0.315223
mistralai_Mistral-Nemo-Base-2407,pitch,22,0.55,1.0,0.293172
mistralai_Mistral-Nemo-Base-2407,pitch,23,0.575,1.0,0.299062
mistralai_Mistral-Nemo-Base-2407,pitch,24,0.6,1.0,0.293441
mistralai_Mistral-Nemo-Base-2407,pitch,25,0.625,1.0,0.285037
mistralai_Mistral-Nemo-Base-2407,pitch,26,0.65,1.0,0.286241
mistralai_Mistral-Nemo-Base-2407,pitch,27,0.675,1.0,0.283483
mistralai_Mistral-Nemo-Base-2407,pitch,28,0.7,1.0,0.282902
mistralai_Mistral-Nemo-Base-2407,pitch,29,0.725,1.0,0.283842
mistralai_Mistral-Nemo-Base-2407,pitch,30,0.75,1.0,0.277325
mistralai_Mistral-Nemo-Base-2407,pitch,31,0.775,1.0,0.270925
mistralai_Mistral-Nemo-Base-2407,pitch,32,0.8,1.0,0.251847
mistralai_Mistral-Nemo-Base-2407,pitch,33,0.825,1.0,0.2451
mistralai_Mistral-Nemo-Base-2407,pitch,34,0.85,1.0,0.240167
mistralai_Mistral-Nemo-Base-2407,pitch,35,0.875,1.0,0.234946
mistralai_Mistral-Nemo-Base-2407,pitch,36,0.9,1.0,0.230353
allenai_OLMo-2-1124-7B,bank,2,0.0625,1.0,0.31411
allenai_OLMo-2-1124-7B,bank,4,0.125,1.0,0.334515
allenai_OLMo-2-1124-7B,bank,5,0.15625,1.0,0.36445
allenai_OLMo-2-1124-7B,bank,6,0.1875,1.0,0.408667
allenai_OLMo-2-1124-7B,bank,7,0.21875,1.0,0.400258
allenai_OLMo-2-1124-7B,bank,8,0.25,1.0,0.371172
allenai_OLMo-2-1124-7B,bank,9,0.28125,1.0,0.324136
allenai_OLMo-2-1124-7B,bank,10,0.3125,1.0,0.322985
allenai_OLMo-2-1124-7B,bank,11,0.34375,1.0,0.325379
allenai_OLMo-2-1124-7B,bank,12,0.375,1.0,0.309609
allenai_OLMo-2-1124-7B,bank,13,0.40625,1.0,0.300218
allenai_OLMo-2-1124-7B,bank,14,0.4375,1.0,0.2937
allenai_OLMo-2-1124-7B,bank,15,0.46875,1.0,0.305089
allenai_OLMo-2-1124-7B,bank,16,0.5,1.0,0.317192
allenai_OLMo-2-1124-7B,bank,17,0.53125,1.0,0.306718
allenai_OLMo-2-1124-7B,bank,18,0.5625,1.0,0.303429
allenai_OLMo-2-1124-7B,bank,19,0.59375,1.0,0.289124
allenai_OLMo-2-1124-7B,bank,20,0.625,1.0,0.2899
allenai_OLMo-2-1124-7B,bank,21,0.65625,1.0,0.289865
allenai_OLMo-2-1124-7B,bank,22,0.6875,1.0,0.30261
allenai_OLMo-2-1124-7B,bank,23,0.71875,1.0,0.292436
allenai_OLMo-2-1124-7B,bank,24,0.75,1.0,0.293857
allenai_OLMo-2-1124-7B,bank,25,0.78125,1.0,0.284751
allenai_OLMo-2-1124-7B,bank,26,0.8125,1.0,0.279632
allenai_OLMo-2-1124-7B,bank,27,0.84375,1.0,0.269586
allenai_OLMo-2-1124-7B,bank,28,0.875,1.0,0.257576
allenai_OLMo-2-1124-7B,bank,29,0.90625,1.0,0.252805
allenai_OLMo-2-1124-7B,bank,30,0.9375,1.0,0.241317
allenai_OLMo-2-1124-7B,bank,31,0.96875,1.0,0.231399
allenai_OLMo-2-1124-7B,bank,32,1.0,1.0,0.235907
allenai_OLMo-2-1124-7B,bark,6,0.1875,1.0,0.29431
allenai_OLMo-2-1124-7B,bark,7,0.21875,1.0,0.341253
allenai_OLMo-2-1124-7B,bark,8,0.25,1.0,0.338294
allenai_OLMo-2-1124-7B,bark,9,0.28125,1.0,0.32176
allenai_OLMo-2-1124-7B,bark,10,0.3125,1.0,0.323144
allenai_OLMo-2-1124-7B,bark,11,0.34375,1.0,0.332881
allenai_OLMo-2-1124-7B,bark,12,0.375,1.0,0.319385
allenai_OLMo-2-1124-7B,bark,13,0.40625,1.0,0.306754
allenai_OLMo-2-1124-7B,bark,14,0.4375,1.0,0.300074
allenai_OLMo-2-1124-7B,bark,15,0.46875,1.0,0.289967
allenai_OLMo-2-1124-7B,bark,16,0.5,1.0,0.291982
allenai_OLMo-2-1124-7B,bark,17,0.53125,1.0,0.318782
allenai_OLMo-2-1124-7B,bark,18,0.5625,1.0,0.315678
allenai_OLMo-2-1124-7B,bark,19,0.59375,1.0,0.319693
allenai_OLMo-2-1124-7B,bark,20,0.625,1.0,0.322092
allenai_OLMo-2-1124-7B,bark,21,0.65625,1.0,0.314158
allenai_OLMo-2-1124-7B,bark,23,0.71875,1.0,0.314873
allenai_OLMo-2-1124-7B,bark,24,0.75,1.0,0.322704
allenai_OLMo-2-1124-7B,bark,25,0.78125,1.0,0.31741
allenai_OLMo-2-1124-7B,bark,26,0.8125,1.0,0.307501
allenai_OLMo-2-1124-7B,bark,29,0.90625,1.0,0.279055
allenai_OLMo-2-1124-7B,bat,4,0.125,1.0,0.33073
allenai_OLMo-2-1124-7B,bat,5,0.15625,1.0,0.359208
allenai_OLMo-2-1124-7B,bat,6,0.1875,1.0,0.387785
allenai_OLMo-2-1124-7B,bat,7,0.21875,1.0,0.439089
allenai_OLMo-2-1124-7B,bat,8,0.25,1.0,0.445424
allenai_OLMo-2-1124-7B,bat,9,0.28125,1.0,0.408936
allenai_OLMo-2-1124-7B,bat,10,0.3125,1.0,0.411214
allenai_OLMo-2-1124-7B,bat,11,0.34375,1.0,0.409508
allenai_OLMo-2-1124-7B,bat,12,0.375,1.0,0.398749
allenai_OLMo-2-1124-7B,bat,13,0.40625,1.0,0.381097
allenai_OLMo-2-1124-7B,bat,14,0.4375,1.0,0.363947
allenai_OLMo-2-1124-7B,bat,15,0.46875,1.0,0.374773
allenai_OLMo-2-1124-7B,bat,16,0.5,1.0,0.365948
allenai_OLMo-2-1124-7B,bat,17,0.53125,1.0,0.362601
allenai_OLMo-2-1124-7B,bat,18,0.5625,1.0,0.360889
allenai_OLMo-2-1124-7B,bat,19,0.59375,1.0,0.361095
allenai_OLMo-2-1124-7B,bat,20,0.625,1.0,0.317574
allenai_OLMo-2-1124-7B,bat,21,0.65625,1.0,0.329512
allenai_OLMo-2-1124-7B,bat,22,0.6875,1.0,0.35277
allenai_OLMo-2-1124-7B,bat,23,0.71875,1.0,0.339986
allenai_OLMo-2-1124-7B,bat,24,0.75,1.0,0.350298
allenai_OLMo-2-1124-7B,bat,25,0.78125,1.0,0.341928
allenai_OLMo-2-1124-7B,bat,26,0.8125,1.0,0.332742
allenai_OLMo-2-1124-7B,bat,27,0.84375,1.0,0.317353
allenai_OLMo-2-1124-7B,bat,28,0.875,1.0,0.30379
allenai_OLMo-2-1124-7B,bat,29,0.90625,1.0,0.293473
allenai_OLMo-2-1124-7B,crane,5,0.15625,1.0,0.409664
allenai_OLMo-2-1124-7B,crane,6,0.1875,1.0,0.438687
allenai_OLMo-2-1124-7B,crane,7,0.21875,1.0,0.501914
allenai_OLMo-2-1124-7B,crane,8,0.25,1.0,0.500093
allenai_OLMo-2-1124-7B,crane,9,0.28125,1.0,0.476941
allenai_OLMo-2-1124-7B,crane,10,0.3125,1.0,0.489741
allenai_OLMo-2-1124-7B,crane,11,0.34375,1.0,0.501304
allenai_OLMo-2-1124-7B,crane,12,0.375,1.0,0.48819
allenai_OLMo-2-1124-7B,crane,13,0.40625,1.0,0.476994
allenai_OLMo-2-1124-7B,crane,14,0.4375,1.0,0.464899
allenai_OLMo-2-1124-7B,crane,15,0.46875,1.0,0.456729
allenai_OLMo-2-1124-7B,crane,16,0.5,1.0,0.445039
allenai_OLMo-2-1124-7B,crane,17,0.53125,1.0,0.44385
allenai_OLMo-2-1124-7B,crane,18,0.5625,1.0,0.441022
allenai_OLMo-2-1124-7B,crane,19,0.59375,1.0,0.461766
allenai_OLMo-2-1124-7B,crane,20,0.625,1.0,0.420974
allenai_OLMo-2-1124-7B,crane,21,0.65625,1.0,0.418575
allenai_OLMo-2-1124-7B,crane,22,0.6875,1.0,0.45346
allenai_OLMo-2-1124-7B,crane,23,0.71875,1.0,0.44403
allenai_OLMo-2-1124-7B,crane,24,0.75,1.0,0.452039
allenai_OLMo-2-1124-7B,crane,25,0.78125,1.0,0.481001
allenai_OLMo-2-1124-7B,crane,26,0.8125,1.0,0.484684
allenai_OLMo-2-1124-7B,crane,27,0.84375,1.0,0.474672
allenai_OLMo-2-1124-7B,crane,28,0.875,1.0,0.469409
allenai_OLMo-2-1124-7B,crane,29,0.90625,1.0,0.467004
allenai_OLMo-2-1124-7B,crane,30,0.9375,1.0,0.451079
allenai_OLMo-2-1124-7B,crane,31,0.96875,1.0,0.415802
allenai_OLMo-2-1124-7B,crane,32,1.0,1.0,0.357733
allenai_OLMo-2-1124-7B,spring,10,0.3125,1.0,0.264823
allenai_OLMo-2-1124-7B,spring,11,0.34375,1.0,0.272398
allenai_OLMo-2-1124-7B,spring,12,0.375,1.0,0.280884
allenai_OLMo-2-1124-7B,spring,13,0.40625,1.0,0.274086
allenai_OLMo-2-1124-7B,spring,14,0.4375,1.0,0.260072
allenai_OLMo-2-1124-7B,spring,15,0.46875,1.0,0.256525
allenai_OLMo-2-1124-7B,spring,16,0.5,1.0,0.265937
allenai_OLMo-2-1124-7B,match,2,0.0625,1.0,0.266046
allenai_OLMo-2-1124-7B,match,3,0.09375,1.0,0.30405
allenai_OLMo-2-1124-7B,match,4,0.125,1.0,0.444115
allenai_OLMo-2-1124-7B,match,5,0.15625,1.0,0.470105
allenai_OLMo-2-1124-7B,match,6,0.1875,1.0,0.507707
allenai_OLMo-2-1124-7B,match,7,0.21875,1.0,0.525865
allenai_OLMo-2-1124-7B,match,8,0.25,1.0,0.51379
allenai_OLMo-2-1124-7B,match,9,0.28125,1.0,0.471026
allenai_OLMo-2-1124-7B,match,10,0.3125,1.0,0.467506
allenai_OLMo-2-1124-7B,match,11,0.34375,1.0,0.462695
allenai_OLMo-2-1124-7B,match,12,0.375,1.0,0.440877
allenai_OLMo-2-1124-7B,match,13,0.40625,1.0,0.426308
allenai_OLMo-2-1124-7B,match,14,0.4375,1.0,0.419067
allenai_OLMo-2-1124-7B,match,15,0.46875,1.0,0.420172
allenai_OLMo-2-1124-7B,match,16,0.5,1.0,0.421306
allenai_OLMo-2-1124-7B,match,17,0.53125,1.0,0.419791
allenai_OLMo-2-1124-7B,match,18,0.5625,1.0,0.41387
allenai_OLMo-2-1124-7B,match,19,0.59375,1.0,0.415692
allenai_OLMo-2-1124-7B,match,20,0.625,1.0,0.386651
allenai_OLMo-2-1124-7B,match,21,0.65625,1.0,0.392358
allenai_OLMo-2-1124-7B,match,22,0.6875,1.0,0.421184
allenai_OLMo-2-1124-7B,match,23,0.71875,1.0,0.40041
allenai_OLMo-2-1124-7B,match,24,0.75,1.0,0.409802
allenai_OLMo-2-1124-7B,match,25,0.78125,1.0,0.405716
allenai_OLMo-2-1124-7B,match,26,0.8125,1.0,0.395022
allenai_OLMo-2-1124-7B,match,27,0.84375,1.0,0.380647
allenai_OLMo-2-1124-7B,match,28,0.875,1.0,0.367439
allenai_OLMo-2-1124-7B,match,29,0.90625,1.0,0.364197
allenai_OLMo-2-1124-7B,match,30,0.9375,1.0,0.351662
allenai_OLMo-2-1124-7B,match,31,0.96875,1.0,0.327983
allenai_OLMo-2-1124-7B,match,32,1.0,1.0,0.317763
allenai_OLMo-2-1124-7B,pitch,5,0.15625,1.0,0.296255
allenai_OLMo-2-1124-7B,pitch,6,0.1875,1.0,0.323176
allenai_OLMo-2-1124-7B,pitch,7,0.21875,1.0,0.3336
allenai_OLMo-2-1124-7B,pitch,8,0.25,1.0,0.340519
allenai_OLMo-2-1124-7B,pitch,9,0.28125,1.0,0.296488
allenai_OLMo-2-1124-7B,pitch,10,0.3125,1.0,0.299965
allenai_OLMo-2-1124-7B,pitch,11,0.34375,1.0,0.304333
allenai_OLMo-2-1124-7B,pitch,12,0.375,1.0,0.297528
allenai_OLMo-2-1124-7B,pitch,13,0.40625,1.0,0.290643
allenai_OLMo-2-1124-7B,pitch,14,0.4375,1.0,0.292738
allenai_OLMo-2-1124-7B,pitch,15,0.46875,1.0,0.298178
allenai_OLMo-2-1124-7B,pitch,16,0.5,1.0,0.302462
allenai_OLMo-2-1124-7B,pitch,17,0.53125,1.0,0.303893
allenai_OLMo-2-1124-7B,pitch,18,0.5625,1.0,0.30008
allenai_OLMo-2-1124-7B,pitch,19,0.59375,1.0,0.299486
allenai_OLMo-2-1124-7B,pitch,20,0.625,1.0,0.295452
allenai_OLMo-2-1124-7B,pitch,21,0.65625,1.0,0.294888
allenai_OLMo-2-1124-7B,pitch,22,0.6875,1.0,0.316782
allenai_OLMo-2-1124-7B,pitch,23,0.71875,1.0,0.301464
allenai_OLMo-2-1124-7B,pitch,24,0.75,1.0,0.297291
allenai_OLMo-2-1124-7B,pitch,25,0.78125,1.0,0.297587
allenai_OLMo-2-1124-7B,pitch,26,0.8125,1.0,0.284838
allenai_OLMo-2-1124-7B,pitch,27,0.84375,1.0,0.269
allenai_OLMo-2-1124-7B,pitch,28,0.875,1.0,0.260025
allenai_OLMo-2-1124-7B,pitch,29,0.90625,1.0,0.254986
