model,arch_type,word,h1_layer_used,h1_layer_is_q4_candidate,orig_p_resolved,orig_delta_resolution_minus_homonym,best_q4_layer,best_q4_p_resolved,best_q4_delta_resolution_minus_homonym,delta_p_resolved_best_q4_minus_orig,n_q4_layers_tested
answerdotai_ModernBERT-large,encoder,bank,24,False,0.0,0.0296,1,0.636,0.1984,0.636,1
answerdotai_ModernBERT-large,encoder,bark,25,False,0.0,0.0065,2,0.25,0.1597,0.25,1
answerdotai_ModernBERT-large,encoder,bat,14,False,0.364,0.102,26,0.417,0.1221,0.05299999999999999,3
answerdotai_ModernBERT-large,encoder,crane,26,False,0.444,0.0504,12,0.333,0.0753,-0.11099999999999999,3
answerdotai_ModernBERT-large,encoder,spring,24,False,0.222,0.0553,17,0.545,0.0212,0.32300000000000006,10
answerdotai_ModernBERT-large,encoder,match,28,False,0.333,0.1443,1,0.583,0.1116,0.24999999999999994,1
answerdotai_ModernBERT-large,encoder,pitch,27,True,0.545,0.1276,19,0.556,0.0913,0.01100000000000001,18
microsoft_deberta-v3-large,encoder,bank,9,True,0.7,0.316,15,0.833,0.4423,0.133,22
microsoft_deberta-v3-large,encoder,bark,10,True,0.556,0.2821,6,0.923,0.2668,0.367,14
microsoft_deberta-v3-large,encoder,bat,9,True,0.545,0.2125,11,0.636,0.1793,0.09099999999999997,21
microsoft_deberta-v3-large,encoder,crane,10,True,0.444,0.101,14,0.5,0.0713,0.055999999999999994,22
microsoft_deberta-v3-large,encoder,spring,8,False,0.222,0.1354,5,0.3,0.1433,0.07799999999999999,15
microsoft_deberta-v3-large,encoder,match,18,True,0.727,0.2076,21,0.8,0.127,0.07300000000000006,22
microsoft_deberta-v3-large,encoder,pitch,23,True,0.571,0.0447,3,0.667,0.2613,0.09600000000000009,15
FacebookAI_roberta-large,encoder,bank,21,False,0.636,0.1199,22,0.4,0.1196,-0.236,3
FacebookAI_roberta-large,encoder,bark,19,False,0.714,0.1677,5,1.0,0.0187,0.28600000000000003,8
FacebookAI_roberta-large,encoder,bat,19,True,0.5,0.1013,4,0.875,0.1205,0.375,21
FacebookAI_roberta-large,encoder,crane,15,True,0.3,0.0735,6,0.667,0.0407,0.36700000000000005,19
FacebookAI_roberta-large,encoder,spring,22,False,0.571,0.0857,18,0.375,0.0584,-0.19599999999999995,3
FacebookAI_roberta-large,encoder,match,23,False,0.143,0.0844,6,0.583,0.1358,0.43999999999999995,8
FacebookAI_roberta-large,encoder,pitch,21,False,0.417,0.2193,18,0.364,0.2205,-0.05299999999999999,3
FacebookAI_xlm-roberta-large,encoder,bank,23,False,0.25,0.1712,6,0.875,0.1614,0.625,13
FacebookAI_xlm-roberta-large,encoder,bark,21,True,0.0,0.1412,17,0.286,0.1114,0.286,6
FacebookAI_xlm-roberta-large,encoder,bat,21,True,0.714,0.209,11,0.818,0.1293,0.10399999999999998,15
FacebookAI_xlm-roberta-large,encoder,crane,21,False,0.0,-0.0095,24,0.143,-0.0093,0.143,1
FacebookAI_xlm-roberta-large,encoder,spring,13,False,0.3,-0.0473,15,0.3,-0.0475,0.0,1
FacebookAI_xlm-roberta-large,encoder,match,20,False,0.125,0.109,24,0.615,0.2268,0.49,2
FacebookAI_xlm-roberta-large,encoder,pitch,22,True,0.818,0.0976,22,0.818,0.0976,0.0,13
Qwen_Qwen2.5-3B,decoder,bank,7,False,0.583,0.1274,4,0.769,0.1888,0.18600000000000005,27
Qwen_Qwen2.5-3B,decoder,bark,14,True,0.0,0.1072,15,0.333,0.1054,0.333,25
Qwen_Qwen2.5-3B,decoder,bat,32,True,0.125,0.0504,31,0.125,0.0362,0.0,4
Qwen_Qwen2.5-3B,decoder,crane,32,True,0.5,0.1515,32,0.5,0.1515,0.0,6
Qwen_Qwen2.5-3B,decoder,spring,32,True,0.364,0.1483,32,0.364,0.1483,0.0,5
Qwen_Qwen2.5-3B,decoder,match,15,True,0.417,0.2335,11,0.643,0.2222,0.22600000000000003,35
Qwen_Qwen2.5-3B,decoder,pitch,15,True,0.455,0.1311,13,0.5,0.1246,0.044999999999999984,22
Qwen_Qwen2.5-7B,decoder,bank,28,True,0.429,0.2546,28,0.429,0.2546,0.0,2
Qwen_Qwen2.5-7B,decoder,bark,28,True,0.538,0.1432,28,0.538,0.1432,0.0,1
Qwen_Qwen2.5-7B,decoder,bat,28,False,0.4,0.1002,3,0.231,0.0434,-0.169,1
Qwen_Qwen2.5-7B,decoder,crane,28,True,0.462,0.1759,28,0.462,0.1759,0.0,1
Qwen_Qwen2.5-7B,decoder,spring,3,False,0.333,0.0345,1,0.636,0.0709,0.303,1
Qwen_Qwen2.5-7B,decoder,match,28,True,0.273,0.1296,1,0.727,0.1117,0.45399999999999996,5
Qwen_Qwen2.5-7B,decoder,pitch,28,True,0.5,0.1623,28,0.5,0.1623,0.0,1
mistralai_Mistral-Nemo-Base-2407,decoder,bank,4,True,0.429,0.1697,3,0.571,0.2198,0.14199999999999996,38
mistralai_Mistral-Nemo-Base-2407,decoder,bark,7,False,0.333,0.0938,23,0.909,0.1287,0.5760000000000001,23
mistralai_Mistral-Nemo-Base-2407,decoder,bat,7,True,0.455,0.0845,7,0.455,0.0845,0.0,34
mistralai_Mistral-Nemo-Base-2407,decoder,crane,7,True,0.091,0.0947,18,0.538,0.0638,0.44700000000000006,37
mistralai_Mistral-Nemo-Base-2407,decoder,spring,6,False,0.3,0.0609,12,0.231,0.0934,-0.06899999999999998,1
mistralai_Mistral-Nemo-Base-2407,decoder,match,7,True,0.3,0.1035,3,0.727,0.0915,0.427,39
mistralai_Mistral-Nemo-Base-2407,decoder,pitch,21,True,0.4,0.0807,10,0.583,0.1211,0.18299999999999994,32
allenai_OLMo-2-1124-7B,decoder,bank,6,True,0.231,0.259,2,0.571,0.2211,0.33999999999999997,30
allenai_OLMo-2-1124-7B,decoder,bark,8,True,0.643,0.1984,9,0.714,0.1706,0.07099999999999995,21
allenai_OLMo-2-1124-7B,decoder,bat,8,True,0.1,0.1132,4,0.357,0.1419,0.257,26
allenai_OLMo-2-1124-7B,decoder,crane,7,True,0.143,0.1486,14,0.385,0.0921,0.24200000000000002,28
allenai_OLMo-2-1124-7B,decoder,spring,7,False,0.222,0.0726,10,0.0,0.0336,-0.222,7
allenai_OLMo-2-1124-7B,decoder,match,22,True,0.636,0.2009,11,0.692,0.1563,0.05599999999999994,31
allenai_OLMo-2-1124-7B,decoder,pitch,11,True,0.818,0.2155,11,0.818,0.2155,0.0,25
