model,arch_type,word,h1_layer,h1_relative_depth,h1_frac_adeq_best,q4_adequacy_at_h1_layer,q4_adequacy_minus_h1,h1_layer_is_q4_candidate,n_q4_candidates,nearest_q4_candidate,relative_depth_shift_to_nearest_candidate,q4_peak_layer,q4_peak_adequacy
FacebookAI_roberta-large,encoder,bank,21,0.875,1.0,0.9,-0.09999999999999998,False,3,22,0.0417,22,1.0
FacebookAI_roberta-large,encoder,bark,19,0.7917,1.0,0.8,-0.19999999999999996,False,8,15,-0.1667,4,0.9
FacebookAI_roberta-large,encoder,bat,19,0.7917,1.0,1.0,0.0,True,21,19,0.0,4,1.0
FacebookAI_roberta-large,encoder,crane,15,0.625,0.975,1.0,0.025000000000000022,True,19,15,0.0,6,1.0
FacebookAI_roberta-large,encoder,match,23,0.9583,0.975,0.9,-0.07499999999999996,False,8,8,-0.625,1,1.0
FacebookAI_roberta-large,encoder,pitch,21,0.875,0.975,0.9,-0.07499999999999996,False,3,18,-0.125,3,1.0
FacebookAI_roberta-large,encoder,spring,22,0.9167,1.0,0.8,-0.19999999999999996,False,3,19,-0.125,17,1.0
FacebookAI_xlm-roberta-large,encoder,bank,23,0.9583,0.975,0.8,-0.17499999999999993,False,13,22,-0.0417,4,0.9
FacebookAI_xlm-roberta-large,encoder,bark,21,0.875,1.0,0.8,-0.19999999999999996,True,6,21,0.0,17,0.8
FacebookAI_xlm-roberta-large,encoder,bat,21,0.875,1.0,0.8,-0.19999999999999996,True,15,21,0.0,8,0.8
FacebookAI_xlm-roberta-large,encoder,crane,21,0.875,0.9,0.8,-0.09999999999999998,False,1,24,0.125,24,1.0
FacebookAI_xlm-roberta-large,encoder,match,20,0.8333,0.95,0.8,-0.1499999999999999,False,2,19,-0.0417,19,0.9
FacebookAI_xlm-roberta-large,encoder,pitch,22,0.9167,0.95,1.0,0.050000000000000044,True,13,22,0.0,12,1.0
FacebookAI_xlm-roberta-large,encoder,spring,13,0.5417,0.975,0.5,-0.475,False,1,15,0.0833,15,0.8
Qwen_Qwen2.5-3B,decoder,bank,7,0.1944,0.825,0.8,-0.02499999999999991,False,27,6,-0.0278,4,1.0
Qwen_Qwen2.5-3B,decoder,bark,14,0.3889,0.925,1.0,0.07499999999999996,True,25,14,0.0,12,1.0
Qwen_Qwen2.5-3B,decoder,bat,32,0.8889,0.95,0.9,-0.04999999999999993,True,4,32,0.0,31,0.9
Qwen_Qwen2.5-3B,decoder,crane,32,0.8889,0.825,1.0,0.17500000000000004,True,6,32,0.0,31,1.0
Qwen_Qwen2.5-3B,decoder,match,15,0.4167,0.875,1.0,0.125,True,35,15,0.0,2,1.0
Qwen_Qwen2.5-3B,decoder,pitch,15,0.4167,0.9,1.0,0.09999999999999998,True,22,15,0.0,13,1.0
Qwen_Qwen2.5-3B,decoder,spring,32,0.8889,0.975,0.6,-0.375,True,5,32,0.0,31,0.6
Qwen_Qwen2.5-7B,decoder,bank,28,1.0,0.775,1.0,0.22499999999999998,True,2,28,0.0,2,1.0
Qwen_Qwen2.5-7B,decoder,bark,28,1.0,0.9,1.0,0.09999999999999998,True,1,28,0.0,28,1.0
Qwen_Qwen2.5-7B,decoder,bat,28,1.0,0.9,0.7,-0.20000000000000007,False,1,3,-0.8929,3,0.8
Qwen_Qwen2.5-7B,decoder,crane,28,1.0,0.8,1.0,0.19999999999999996,True,1,28,0.0,28,1.0
Qwen_Qwen2.5-7B,decoder,match,28,1.0,0.8,1.0,0.19999999999999996,True,5,28,0.0,1,1.0
Qwen_Qwen2.5-7B,decoder,pitch,28,1.0,0.75,0.9,0.15000000000000002,True,1,28,0.0,28,0.9
Qwen_Qwen2.5-7B,decoder,spring,3,0.1071,0.95,0.5,-0.44999999999999996,False,1,1,-0.0714,1,0.6
allenai_OLMo-2-1124-7B,decoder,bank,6,0.1875,0.825,1.0,0.17500000000000004,True,30,6,0.0,2,1.0
allenai_OLMo-2-1124-7B,decoder,bark,8,0.25,0.925,1.0,0.07499999999999996,True,21,8,0.0,6,1.0
allenai_OLMo-2-1124-7B,decoder,bat,8,0.25,0.95,1.0,0.050000000000000044,True,26,8,0.0,4,1.0
allenai_OLMo-2-1124-7B,decoder,crane,7,0.2188,0.8,1.0,0.19999999999999996,True,28,7,0.0,5,1.0
allenai_OLMo-2-1124-7B,decoder,match,22,0.6875,0.875,1.0,0.125,True,31,22,0.0,2,1.0
allenai_OLMo-2-1124-7B,decoder,pitch,11,0.3438,0.85,1.0,0.15000000000000002,True,25,11,0.0,5,1.0
allenai_OLMo-2-1124-7B,decoder,spring,7,0.2188,0.975,0.9,-0.07499999999999996,False,7,10,0.0938,10,1.0
answerdotai_ModernBERT-large,encoder,bank,24,0.8571,1.0,0.6,-0.4,False,1,1,-0.8214,1,0.9
answerdotai_ModernBERT-large,encoder,bark,25,0.8929,1.0,0.5,-0.5,False,1,2,-0.8214,2,0.8
answerdotai_ModernBERT-large,encoder,bat,14,0.5,1.0,0.7,-0.30000000000000004,False,3,26,0.4286,26,0.9
answerdotai_ModernBERT-large,encoder,crane,26,0.9286,0.925,0.9,-0.025000000000000022,False,3,12,-0.5,9,1.0
answerdotai_ModernBERT-large,encoder,match,28,1.0,1.0,0.9,-0.09999999999999998,False,1,1,-0.9643,1,1.0
answerdotai_ModernBERT-large,encoder,pitch,27,0.9643,0.925,1.0,0.07499999999999996,True,18,27,0.0,9,1.0
answerdotai_ModernBERT-large,encoder,spring,24,0.8571,1.0,0.5,-0.5,False,10,21,-0.1071,13,0.6
microsoft_deberta-v3-large,encoder,bank,9,0.375,1.0,1.0,0.0,True,22,9,0.0,3,1.0
microsoft_deberta-v3-large,encoder,bark,10,0.4167,1.0,0.9,-0.09999999999999998,True,14,10,0.0,4,0.9
microsoft_deberta-v3-large,encoder,bat,9,0.375,1.0,1.0,0.0,True,21,9,0.0,4,1.0
microsoft_deberta-v3-large,encoder,crane,10,0.4167,0.975,1.0,0.025000000000000022,True,22,10,0.0,3,1.0
microsoft_deberta-v3-large,encoder,match,18,0.75,0.975,1.0,0.025000000000000022,True,22,18,0.0,2,1.0
microsoft_deberta-v3-large,encoder,pitch,23,0.9583,1.0,1.0,0.0,True,15,23,0.0,2,1.0
microsoft_deberta-v3-large,encoder,spring,8,0.3333,0.975,0.8,-0.17499999999999993,False,15,9,0.0417,5,0.9
mistralai_Mistral-Nemo-Base-2407,decoder,bank,4,0.1,0.825,1.0,0.17500000000000004,True,38,4,0.0,3,1.0
mistralai_Mistral-Nemo-Base-2407,decoder,bark,7,0.175,0.925,0.9,-0.025000000000000022,False,23,15,0.2,15,1.0
mistralai_Mistral-Nemo-Base-2407,decoder,bat,7,0.175,0.95,1.0,0.050000000000000044,True,34,7,0.0,5,1.0
mistralai_Mistral-Nemo-Base-2407,decoder,crane,7,0.175,0.8,1.0,0.19999999999999996,True,37,7,0.0,4,1.0
mistralai_Mistral-Nemo-Base-2407,decoder,match,7,0.175,0.875,1.0,0.125,True,39,7,0.0,2,1.0
mistralai_Mistral-Nemo-Base-2407,decoder,pitch,21,0.525,0.9,1.0,0.09999999999999998,True,32,21,0.0,5,1.0
mistralai_Mistral-Nemo-Base-2407,decoder,spring,6,0.15,1.0,0.5,-0.5,False,1,12,0.15,12,0.7
