model,word,item_index,item_id,condition,sense,homonym_margin_norm,resolved_margin_norm,resolved_correct
FacebookAI_roberta-large,bank,0,bank_L_01,L,0,-0.015387555521303248,0.21827919721700736,True
FacebookAI_roberta-large,bank,1,bank_R_01,R,0,0.014117024036436738,0.11527036383669557,True
FacebookAI_roberta-large,bank,2,bank_L_03,L,0,0.3459239059643882,-0.002710161420986195,False
FacebookAI_roberta-large,bank,3,bank_R_03,R,0,0.3435491898123022,-0.10084973570009817,False
FacebookAI_roberta-large,bank,4,bank_L_05,L,0,0.44211958409496477,0.27371169381043975,True
FacebookAI_roberta-large,bank,5,bank_R_05,R,0,0.485472536221816,0.279245392825196,True
FacebookAI_roberta-large,bank,6,bank_L_07,L,0,0.2030354495108915,0.14230726065719423,True
FacebookAI_roberta-large,bank,7,bank_R_07,R,0,-0.1681130653620879,0.005441694069430047,True
FacebookAI_roberta-large,bank,8,bank_L_09,L,0,0.5578898458429035,0.27594879043380394,True
FacebookAI_roberta-large,bank,9,bank_R_09,R,0,0.51785141511482,0.2621060306283497,True
FacebookAI_roberta-large,bank,10,bank_L_02,L,1,0.3709557777975573,0.0008313045256834159,True
FacebookAI_roberta-large,bank,11,bank_R_02,R,1,0.3350563435395564,0.032422204657031946,True
FacebookAI_roberta-large,bank,12,bank_L_04,L,1,0.5102978313585189,0.24783439737696558,True
FacebookAI_roberta-large,bank,13,bank_R_04,R,1,0.5152904068088765,0.32877774026074225,True
FacebookAI_roberta-large,bank,14,bank_L_06,L,1,0.5977625403248567,0.0928267112814182,True
FacebookAI_roberta-large,bank,15,bank_R_06,R,1,0.512964400695563,0.07550973848801705,True
FacebookAI_roberta-large,bank,16,bank_L_08,L,1,0.5961492068540316,0.05426202948058197,True
FacebookAI_roberta-large,bank,17,bank_R_08,R,1,0.5477236265668622,0.11194611166514642,True
FacebookAI_roberta-large,bank,18,bank_L_10,L,1,0.610719410638381,0.05031825319555693,True
FacebookAI_roberta-large,bank,19,bank_R_10,R,1,0.609533680753049,0.14239673003316103,True
Qwen_Qwen2.5-7B,bank,0,bank_L_01,L,0,0.1670289581091803,0.06912952572693387,True
Qwen_Qwen2.5-7B,bank,1,bank_R_01,R,0,-0.4835198017895393,0.01718944753444524,True
Qwen_Qwen2.5-7B,bank,2,bank_L_03,L,0,0.2431876989548119,0.11059256868553557,True
Qwen_Qwen2.5-7B,bank,3,bank_R_03,R,0,-0.12492638056198613,0.026812721825827352,True
Qwen_Qwen2.5-7B,bank,4,bank_L_05,L,0,0.33715060435432986,0.44036185628505176,True
Qwen_Qwen2.5-7B,bank,5,bank_R_05,R,0,-0.4835198017895393,0.392404334092314,True
Qwen_Qwen2.5-7B,bank,6,bank_L_07,L,0,0.16089706508745216,0.32062009927555873,True
Qwen_Qwen2.5-7B,bank,7,bank_R_07,R,0,-0.4835198017895393,0.22237284488754014,True
Qwen_Qwen2.5-7B,bank,8,bank_L_09,L,0,0.0023118070928258108,0.4510061725340575,True
Qwen_Qwen2.5-7B,bank,9,bank_R_09,R,0,-0.4694998970639359,0.11712015946718227,True
Qwen_Qwen2.5-7B,bank,10,bank_L_02,L,1,0.22248315565506682,0.16128782501938072,True
Qwen_Qwen2.5-7B,bank,11,bank_R_02,R,1,0.4694998970639359,0.255281291827947,True
Qwen_Qwen2.5-7B,bank,12,bank_L_04,L,1,0.31213464574575933,0.41343902933190746,True
Qwen_Qwen2.5-7B,bank,13,bank_R_04,R,1,0.12492638056198613,0.3909474260018459,True
Qwen_Qwen2.5-7B,bank,14,bank_L_06,L,1,0.17796986538726545,0.005019661366111057,True
Qwen_Qwen2.5-7B,bank,15,bank_R_06,R,1,0.4835198017895393,0.06522199384691436,True
Qwen_Qwen2.5-7B,bank,16,bank_L_08,L,1,0.2075491735622314,0.10234902426793323,True
Qwen_Qwen2.5-7B,bank,17,bank_R_08,R,1,0.4694998970639359,0.13177915853341202,True
Qwen_Qwen2.5-7B,bank,18,bank_L_10,L,1,0.4323103574152543,0.13983191150625046,True
Qwen_Qwen2.5-7B,bank,19,bank_R_10,R,1,0.4694998970639359,0.2725319772615987,True
