model,word,item_index,sentence_id,primed_sense,correct_sense,resolved_correct,prime_margin_norm,homonym_margin_norm,resolution_margin_norm
FacebookAI_roberta-large,bank,0,bank_gp_01,1,0,True,0.0218691958860257,-0.09879755939868706,0.09641478243802895
FacebookAI_roberta-large,bank,1,bank_gp_02,1,0,True,0.04613107901663269,-0.09457297771500307,0.06065266113744638
FacebookAI_roberta-large,bank,2,bank_gp_03,1,0,False,-0.1319218216480673,-0.2926491761645607,-0.08722838012315898
FacebookAI_roberta-large,bank,3,bank_gp_04,1,0,True,-0.09481685687589503,-0.23172635206973047,0.02264327523680731
FacebookAI_roberta-large,bank,4,bank_gp_05,1,0,False,-0.11483498407783624,-0.2513084267790522,-0.09506838419068421
FacebookAI_roberta-large,bank,5,bank_gp_06,1,0,False,-0.26997272302070624,-0.29508301263151865,-0.04995709493384132
FacebookAI_roberta-large,bank,6,bank_gp_07,1,0,True,-0.008093254909953222,-0.01072508161441972,0.11374786901965532
FacebookAI_roberta-large,bank,7,bank_gp_08,0,1,True,-0.06771589284225435,-0.04736921818416453,0.03635156775305641
FacebookAI_roberta-large,bank,8,bank_gp_09,0,1,True,-0.037468629103961676,-0.010675530194803867,0.1166901461400629
FacebookAI_roberta-large,bank,9,bank_gp_10,0,1,True,-0.16611876441165338,-0.16150315739491383,0.023331824528512856
FacebookAI_roberta-large,bank,10,bank_gp_11,0,1,False,-0.17924730531839694,-0.12764747310381258,-0.06975137898369177
FacebookAI_roberta-large,bank,11,bank_gp_12,0,1,False,0.0634964817414868,0.041581181491122866,-0.05521514687794817
FacebookAI_roberta-large,bank,12,bank_gp_13,0,1,True,-0.024547126954830432,0.09608429601328668,0.1743436537450209
FacebookAI_roberta-large,bank,13,bank_gp_14,0,1,True,0.04488152147849372,0.1719985789514618,0.06825471067033807
Qwen_Qwen2.5-7B,bank,0,bank_gp_01,1,0,False,0.06815106708000117,-0.2926008276647398,-0.19183236666876008
Qwen_Qwen2.5-7B,bank,1,bank_gp_02,1,0,True,0.037238165144614595,-0.054103044386072476,0.18282053113855998
Qwen_Qwen2.5-7B,bank,2,bank_gp_03,1,0,True,-0.12212742625129992,-0.4914790696770481,0.08191440794186733
Qwen_Qwen2.5-7B,bank,3,bank_gp_04,1,0,True,-0.0064101099120203574,-0.13922201241982976,0.05458657161916481
Qwen_Qwen2.5-7B,bank,4,bank_gp_05,1,0,False,-0.03734550567105284,-0.3211346028607465,-0.2724329553591175
Qwen_Qwen2.5-7B,bank,5,bank_gp_06,1,0,True,0.046468820591242056,-0.08865544698736622,0.0627079216588709
Qwen_Qwen2.5-7B,bank,6,bank_gp_07,1,0,True,0.1025333263992373,-0.10985695547716508,0.21863033848165972
Qwen_Qwen2.5-7B,bank,7,bank_gp_08,0,1,False,-0.1884149250298853,-0.2613004021355816,-0.2079096921567276
Qwen_Qwen2.5-7B,bank,8,bank_gp_09,0,1,False,-0.32290999537347037,-0.33372745511537444,-0.13616933062519693
Qwen_Qwen2.5-7B,bank,9,bank_gp_10,0,1,False,-0.44028204735543713,-0.37576652202838146,-0.17246068574490817
Qwen_Qwen2.5-7B,bank,10,bank_gp_11,0,1,False,-0.49993062904787605,-0.6517707767801117,-0.21802237541615824
Qwen_Qwen2.5-7B,bank,11,bank_gp_12,0,1,True,-0.4241586545166428,-0.4090911217597872,0.08710688219228764
Qwen_Qwen2.5-7B,bank,12,bank_gp_13,0,1,False,-0.4690830491763572,-0.46895519428275384,-0.13303513121367136
Qwen_Qwen2.5-7B,bank,13,bank_gp_14,0,1,False,-0.32359920612998083,-0.4187103805037213,-0.21121538447972957
