word,sense,sense_label,short_label,n_profiling_sentences
bank,0,River / embankment,river,20
bank,1,Financial institution,financial,20
bark,0,Sound a dog makes,dog,20
bark,1,Outer layer of a tree,tree,20
bat,0,Sports equipment,sports,20
bat,1,Flying mammal,animal,20
crane,0,Large wading bird,bird,20
crane,1,Construction lifting machine,machine,20
spring,0,Season (after winter),season,20
spring,1,Natural spring / water source,water,20
match,0,Sporting contest,sport,20
match,1,Fire-starting stick,fire,20
pitch,0,Sports playing field,field,20
pitch,1,Business proposal / investor presentation,proposal,20
